source_name,type,provider,category,endpoint_url,auth,price_tier,update_freq,granularity,fields_returned,cors,rate_limit,integration_path,cre_use,source_file,source_locator,status_flag,provenance_files,occurrence_count
HR-15 · HUD CHAS API — Renter Cost Burden (Tract Level),RAW_API,,demographic,https://www.huduser.gov/hudapi/public/chas?type=6&stateId=17&entityId=17031842400&year=2016-2020,Free HUD bearer token,,ACS 5-year cycle (2018–2022 ACS released Dec 2025) [^15],Census tract,"JSON — households with housing cost burdens (>30% and >50% of income), by income band, tenure, race; cost-burdened renter/owner counts [^15][^16][^17]",Yes,Not publicly documented,BUILD_RAW_API,"INPUT: type (1=nation, 2=state, 3=county, 4=place, 5=MCD, 6=tract); stateId; optional entityId; year range | CRE USE: Affordable housing market analysis; LIHTC site qualification; Section 8/HCV voucher demand modeling; community development underwriting",Agency Multifamily & Government Housing Data Layer  CRE Intelligence Terminal (1).md; Agency Multifamily & Government Housing Data Layer  CRE Intelligence Terminal.md; CRE API Endpoint Catalog  100-Endpoint Master Reference.md,Agency Multifamily & Government Housing Data Layer  CRE Intelligence Terminal (1).md@line 55 || Agency Multifamily & Government Housing Data Layer  CRE Intelligence Terminal.md@line 55 || CRE API Endpoint Catalog  100-Endpoint Master Reference.md@line 370: D-06 · HUD CHAS — Housing Affordability Data API || CRE API Endpoint Catalog  100-Endpoint Master Reference.md@line 1141: HR-15 · HUD CHAS API — Renter Cost Burden (Tract Level),REVIEW,Agency Multifamily & Government Housing Data Layer  CRE Intelligence Terminal (1).md; Agency Multifamily & Government Housing Data Layer  CRE Intelligence Terminal.md; CRE API Endpoint Catalog  100-Endpoint Master Reference.md,4
BLS Occupational Employment & Wage Statistics (OEWS),RAW_API,BLS,economic,https://api.bls.gov/publicAPI/v2/timeseries/data/,Optional free API key (registrationkey); v2 key raises daily query limit from 25 to 500 series. Register: https://data.bls.gov/registrationEngine/ (https://data.bls.gov/registrationEngine/) [^1][^2],Free,Annual (May reference month data released ~March following year),National / State / MSA / County / City,"JSON — {seriesID, year, period, value, footnotes[]} — monthly unemployment rate, labor force, employed, unemployed counts",No (server-side requests required for v2 POST),v1: 25 series/day unregistered; v2: 500 series/day; 50 series per single call,BUILD_RAW_API,"NFP headline ticker + sector splits | CRE Relevance: Construction payrolls → labor supply/cost for new supply; leisure/hospitality → retail/hotel CRE demand driver[^9][^18] | Indicator: BLS CES: Nonfarm Payrolls (NFP) | Series ID / Slug: CEU0000000001 (total nonfarm), CEU2000000001 (construction), CEU7000000001 (leisure & hospitality) | Cadence & Release Time (ET): Monthly: 1st Friday, 8:30 AM | Lag from Period-End: ~30 days","CRE API Endpoint Catalog  100-Endpoint Master Reference.md; Free & Freemium US Migration, Demographics & Labor Data Sources — MSA ZIP Intelligence Map for CRE Terminal.md; US Macro & Sentiment Indicator Layer — CRE Intelligence Terminal (1).md; US Macro & Sentiment Indicator Layer — CRE Intelligence Terminal.md; CRE Intelligence Terminal — Production-Ready API Recipe Book.md","CRE API Endpoint Catalog  100-Endpoint Master Reference.md@line 28: E-01 · BLS Local Area Unemployment Statistics (LAUS) || CRE API Endpoint Catalog  100-Endpoint Master Reference.md@line 147: E-08 · BLS Consumer Price Index — All Urban Consumers || CRE API Endpoint Catalog  100-Endpoint Master Reference.md@line 164: E-09 · BLS Producer Price Index — Construction Materials || CRE API Endpoint Catalog  100-Endpoint Master Reference.md@line 266: E-15 · BLS Occupational Employment & Wage Statistics (OEWS) || Free & Freemium US Migration, Demographics & Labor Data Sources — MSA ZIP Intelligence Map for CRE Terminal.md@line 53 || Free & Freemium US Migration, Demographics & Labor Data Sources — MSA ZIP Intelligence Map for CRE Terminal.md@line 55 || US Macro & Sentiment Indicator Layer — CRE Intelligence Terminal (1).md@line 50 || US Macro & Sentiment Indicator Layer — CRE Intelligence Terminal (1).md@line 97 || US Macro & Sentiment Indicator Layer — CRE Intelligence Terminal.md@line 50 || US Macro & Sentiment Indicator Layer — CRE Intelligence Terminal.md@line 97 || CRE Intelligence Terminal — Production-Ready API Recipe Book.md@Section 7 / Lines 501-503",REVIEW,"CRE API Endpoint Catalog  100-Endpoint Master Reference.md; Free & Freemium US Migration, Demographics & Labor Data Sources — MSA ZIP Intelligence Map for CRE Terminal.md; US Macro & Sentiment Indicator Layer — CRE Intelligence Terminal (1).md; US Macro & Sentiment Indicator Layer — CRE Intelligence Terminal.md; CRE Intelligence Terminal — Production-Ready API Recipe Book.md",11
Census Quarterly Workforce Indicators (QWI) API,RAW_API,,economic,https://api.census.gov/data/timeseries/qwi/sa?get=Emp,Free Census API key. Register: https://api.census.gov/data/key_signup.html (https://api.census.gov/data/key_signup.html),Free,"Quarterly, ~6-month lag",State / County / MSA,"JSON | Specific Fields: Employment (Emp), job creation (FrmJbGn), job destruction (FrmJbLs), hires (HirA), separations (Sep), average monthly earnings (EarnS), by NAICS + sex + age",Yes,500 queries/day with key; 50/day without,BUILD_RAW_API,"INPUT: Variables (Emp, EmpEnd, HirA, Sep, PayMonth); geography (state, county, cbsa); year; quarter; optional cross-tabs (sex, agegrp, industry) | CRE USE: Track sector-level job creation/destruction in target submarkets; identify emerging industry clusters for industrial/flex space demand","CRE API Endpoint Catalog  100-Endpoint Master Reference.md; Free & Freemium US Migration, Demographics & Labor Data Sources — MSA ZIP Intelligence Map for CRE Terminal.md","CRE API Endpoint Catalog  100-Endpoint Master Reference.md@line 62: E-03 · Census Quarterly Workforce Indicators (QWI) || Free & Freemium US Migration, Demographics & Labor Data Sources — MSA ZIP Intelligence Map for CRE Terminal.md@line 32",REVIEW,"CRE API Endpoint Catalog  100-Endpoint Master Reference.md; Free & Freemium US Migration, Demographics & Labor Data Sources — MSA ZIP Intelligence Map for CRE Terminal.md",2
Kansas City Fed Mfg — Master Reference Table Row,BULK_DOWNLOAD,St. Louis Fed,capital_markets,https://api.stlouisfed.org/fred/series/observations?series_id=DRCRELEXFACBS&api_key=YOUR_KEY&sort_order=desc&limit=1&file_type=json,Free 32-char key. Register: https://fredaccount.stlouisfed.org/apikeys (https://fredaccount.stlouisfed.org/apikeys),FREEMIUM-A (free API key),Weekly — every THURSDAY (Freddie Mac Primary Mortgage Market Survey),National (mirrors Census/BLS/BEA),"JSON / CSV / Excel | Specific Fields: Per-capita income, GDP by state, unemployment rate, payroll employment, housing price index, mortgage rates — thousands of MSA-level series",NO — requires server-side proxy,"1,000/day (unregistered); unlimited registered",BUILD_RAW_API,"Alternative — BLS Public API (no key for basic queries): https://api.bls.gov/publicAPI/v2/timeseries/data/CUSR0000SA0 — free, returns JSON, CORS status unknown (proxy recommended) | NAME: FRED CPIAUCSL | FIELD: Compute YoY: ((observations.value / observations[^12].value) - 1) × 100 | ILS NOTE: US CPI directly affects Fed rate decisions and thus USD/ILS carry; Israeli investors compare US CPI to Israeli CPI (1.9%) when deciding on USD-denominated vs. NIS-denominated debt exposure","CRE API Endpoint Catalog  100-Endpoint Master Reference.md; CRE Investment Platform Financial Ticker API Reference Guide.md; Free & Freemium US Migration, Demographics & Labor Data Sources — MSA ZIP Intelligence Map for CRE Terminal.md; Free & Freemium US Tenant Distress + CMBS Loan Watchlist Data Source Map.md; Israeli Financial Data Engine — Source Reference for US CRE Intelligence Terminal.md; US Commercial Construction Pipeline & Cost Data  Bloomberg-Terminal Source Map.md; US CRE Capital Markets & CMBS Free Data Source Map — Terminal Intelligence Stack.md; US Macro & Sentiment Indicator Layer — CRE Intelligence Terminal (1).md; US Macro & Sentiment Indicator Layer — CRE Intelligence Terminal.md; US Retail Pulse & Office Return-to-Work  Free Data Source Master Map (2024–2026).md; compass_artifact_wf-5f02d687-92af-4e88-a59b-55245ba3ca7c_text_markdown.md; CRE Intelligence Terminal — Production-Ready API Recipe Book.md","CRE API Endpoint Catalog  100-Endpoint Master Reference.md@line 79: E-04 · FRED Series Observations — Key CRE Series || CRE API Endpoint Catalog  100-Endpoint Master Reference.md@line 232: E-13 · FRED Commercial Real Estate Loan Series || CRE API Endpoint Catalog  100-Endpoint Master Reference.md@line 1107: HR-13 · FRED Housing Price Index Series || CRE Investment Platform Financial Ticker API Reference Guide.md@line 161: A4. 30-Year Fixed Mortgage Rate || CRE Investment Platform Financial Ticker API Reference Guide.md@line 198: A6. CPI Year-over-Year (US) || CRE Investment Platform Financial Ticker API Reference Guide.md@line 600: D24. CMBS Delinquency Rate || CRE Investment Platform Financial Ticker API Reference Guide.md@line 618: D25. Commercial Mortgage Origination Volume || Free & Freemium US Migration, Demographics & Labor Data Sources — MSA ZIP Intelligence Map for CRE Terminal.md@line 65 || Free & Freemium US Tenant Distress + CMBS Loan Watchlist Data Source Map.md@line 69 || Free & Freemium US Tenant Distress + CMBS Loan Watchlist Data Source Map.md@line 118 || Israeli Financial Data Engine — Source Reference for US CRE Intelligence Terminal.md@line 124 || US Commercial Construction Pipeline & Cost Data  Bloomberg-Terminal Source Map.md@line 21 || US CRE Capital Markets & CMBS Free Data Source Map — Terminal Intelligence Stack.md@line 24 || US CRE Capital Markets & CMBS Free Data Source Map — Terminal Intelligence Stack.md@line 45 || US Macro & Sentiment Indicator Layer — CRE Intelligence Terminal (1).md@line 94 || US Macro & Sentiment Indicator Layer — CRE Intelligence Terminal (1).md@line 95 || US Macro & Sentiment Indicator Layer — CRE Intelligence Terminal.md@line 94 || US Macro & Sentiment Indicator Layer — CRE Intelligence Terminal.md@line 95 || US Retail Pulse & Office Return-to-Work  Free Data Source Master Map (2024–2026).md@line 61 || compass_artifact_wf-5f02d687-92af-4e88-a59b-55245ba3ca7c_text_markdown.md@line 564 Helper / Misc || CRE Intelligence Terminal — Production-Ready API Recipe Book.md@Section 3 / Lines 318-322 || CRE Intelligence Terminal — Production-Ready API Recipe Book.md@Master Reference Table / Line 618 || CRE Intelligence Terminal — Production-Ready API Recipe Book.md@Section 10 / Line 594 || CRE Intelligence Terminal — Production-Ready API Recipe Book.md@Section 10 / Line 599 || CRE Intelligence Terminal — Production-Ready API Recipe Book.md@Section 10 / Line 603 || CRE Intelligence Terminal — Production-Ready API Recipe Book.md@Master Reference Table / Line 629 || CRE Intelligence Terminal — Production-Ready API Recipe Book.md@Master Reference Table / Line 630 || CRE Intelligence Terminal — Production-Ready API Recipe Book.md@Master Reference Table / Line 631 || CRE Intelligence Terminal — Production-Ready API Recipe Book.md@Master Reference Table / Line 632 || CRE Intelligence Terminal — Production-Ready API Recipe Book.md@Parallel Fan-Out / Lines 661-664",REVIEW,"CRE API Endpoint Catalog  100-Endpoint Master Reference.md; CRE Investment Platform Financial Ticker API Reference Guide.md; Free & Freemium US Migration, Demographics & Labor Data Sources — MSA ZIP Intelligence Map for CRE Terminal.md; Free & Freemium US Tenant Distress + CMBS Loan Watchlist Data Source Map.md; Israeli Financial Data Engine — Source Reference for US CRE Intelligence Terminal.md; US Commercial Construction Pipeline & Cost Data  Bloomberg-Terminal Source Map.md; US CRE Capital Markets & CMBS Free Data Source Map — Terminal Intelligence Stack.md; US Macro & Sentiment Indicator Layer — CRE Intelligence Terminal (1).md; US Macro & Sentiment Indicator Layer — CRE Intelligence Terminal.md; US Retail Pulse & Office Return-to-Work  Free Data Source Master Map (2024–2026).md; compass_artifact_wf-5f02d687-92af-4e88-a59b-55245ba3ca7c_text_markdown.md; CRE Intelligence Terminal — Production-Ready API Recipe Book.md",30
HR-03 · Census ACS 5-Year — Housing Characteristics (DP04),RAW_API,,demographic,https://api.census.gov/data/2024/acs/acs5/profile?get=group(DP03,Free Census API key [^8],,Annual (5-year rolling estimates; 2020–2024 released Dec 2024),,"JSON — tract-level housing unit count, vacancy rate, tenure split, median rent, median home value, year built distribution, bedrooms, plumbing/kitchen facilities",Yes,500/day with key; 50/day without,BUILD_RAW_API,"INPUT: DP04 variable codes: DP04_0001E=total housing units, DP04_0003PE=vacancy rate, DP04_0045PE=renter-occupied %, DP04_0127PE=median gross rent, DP04_0089E=median home value | CRE USE: Submarket vacancy benchmarking; renter percentage for multifamily demand; affordability gap analysis; housing stock age for value-add targeting",CRE API Endpoint Catalog  100-Endpoint Master Reference.md,CRE API Endpoint Catalog  100-Endpoint Master Reference.md@line 113: E-06 · Census ACS 5-Year — Economic Characteristics (DP03) || CRE API Endpoint Catalog  100-Endpoint Master Reference.md@line 285: D-01 · Census ACS 5-Year — Demographic & Housing (DP04 + DP05) || CRE API Endpoint Catalog  100-Endpoint Master Reference.md@line 302: D-02 · Census ACS 5-Year — Social Characteristics (DP02) || CRE API Endpoint Catalog  100-Endpoint Master Reference.md@line 937: HR-03 · Census ACS 5-Year — Housing Characteristics (DP04),REVIEW,CRE API Endpoint Catalog  100-Endpoint Master Reference.md,4
BEA Regional Economic Accounts — GDP by County/MSA,BULK_DOWNLOAD,BEA,news_sentiment,https://apps.bea.gov/api/data?UserID=YOUR_KEY&method=GetData&datasetname=RegionalProduct&TableName=MGDP9&LineCode=1&GeoFips=COUNTY&Year=2023&ResultFormat=JSON[^23,Free key. Register: https://apps.bea.gov/api/signup/ (https://apps.bea.gov/api/signup/),"Free (API key free, request at bea.gov)",Annual (2-year lag); Quarterly IIP position data (BEA Form BE-605)[^11],"Country × Industry breakdown including ""Real Estate and Rental and Leasing"" as NAICS sector[^9][^10]","JSON/CSV via API; XLS bulk download | Specific Fields Returned: FDI inflows by country of UBO, by US industry (incl. real estate NAICS), capital flows, income, employment at US affiliates of foreign firms[^10][^11]",Yes,"100 requests/min, 100 MB/min",BUILD_RAW_API,"FDI Country-of-Origin Breakdown tile | Cross-Verifiable With: TIC, IMF CDIS, UNCTAD | Notes / Gotchas: Gotcha: Covers FDI (≥10% voting equity stake), NOT portfolio flows. Real estate NAICS code captures operating real estate companies; most SWF co-investments via blind-pool funds may classify under ""Finance and Insurance."" Annual data has ~18-month lag; quarterly BE-605 is 45 days. BEA API dataset=MNE for MNC data; use TableName=T22 for FDI by industry[^13]. Some affiliate-level tables were discontinued Dec 2025[^10].","CRE API Endpoint Catalog  100-Endpoint Master Reference.md; Free & Freemium US Migration, Demographics & Labor Data Sources — MSA ZIP Intelligence Map for CRE Terminal.md; Global Institutional Capital Flows Into US CRE  Free & Freemium Data Source Map (2024–2026).md; US Macro & Sentiment Indicator Layer — CRE Intelligence Terminal (1).md; US Macro & Sentiment Indicator Layer — CRE Intelligence Terminal.md; US Retail Pulse & Office Return-to-Work  Free Data Source Master Map (2024–2026).md; CRE Intelligence Terminal — Production-Ready API Recipe Book.md","CRE API Endpoint Catalog  100-Endpoint Master Reference.md@line 215: E-12 · BEA Regional Economic Accounts — GDP by County/MSA || Free & Freemium US Migration, Demographics & Labor Data Sources — MSA ZIP Intelligence Map for CRE Terminal.md@line 64 || Global Institutional Capital Flows Into US CRE  Free & Freemium Data Source Map (2024–2026).md@line 26 || US Macro & Sentiment Indicator Layer — CRE Intelligence Terminal (1).md@line 79 || US Macro & Sentiment Indicator Layer — CRE Intelligence Terminal (1).md@line 80 || US Macro & Sentiment Indicator Layer — CRE Intelligence Terminal.md@line 79 || US Macro & Sentiment Indicator Layer — CRE Intelligence Terminal.md@line 80 || US Retail Pulse & Office Return-to-Work  Free Data Source Master Map (2024–2026).md@line 59 || CRE Intelligence Terminal — Production-Ready API Recipe Book.md@Section 7 / Lines 514-518 || CRE Intelligence Terminal — Production-Ready API Recipe Book.md@Section 7 / Lines 520-522 || CRE Intelligence Terminal — Production-Ready API Recipe Book.md@Master Reference Table / Line 626",REVIEW,"CRE API Endpoint Catalog  100-Endpoint Master Reference.md; Free & Freemium US Migration, Demographics & Labor Data Sources — MSA ZIP Intelligence Map for CRE Terminal.md; Global Institutional Capital Flows Into US CRE  Free & Freemium Data Source Map (2024–2026).md; US Macro & Sentiment Indicator Layer — CRE Intelligence Terminal (1).md; US Macro & Sentiment Indicator Layer — CRE Intelligence Terminal.md; US Retail Pulse & Office Return-to-Work  Free Data Source Master Map (2024–2026).md; CRE Intelligence Terminal — Production-Ready API Recipe Book.md",11
Census Business Patterns — Establishment Count by NAICS,RAW_API,,economic,https://api.census.gov/data/2023/cbp?get=NAICS2017,Free Census key,Free,Annual (reference year lags ~18 months),"National, state, county, MSA, ZIP code, congressional district[^6]","JSON | Specific Fields: Establishments, paid employees, first-quarter payroll, annual payroll by 6-digit NAICS",Yes,500/day,BUILD_RAW_API,PROPERTY TYPES: Proxies for office/retail/industrial demand — no direct CRE vacancy | FREE: Yes — free API key at api.census.gov | VISUAL USE: Track establishment counts and employment by NAICS to proxy occupied commercial space. Declining establishment counts = rising effective vacancy.,"CRE API Endpoint Catalog  100-Endpoint Master Reference.md; Free & Freemium US Migration, Demographics & Labor Data Sources — MSA ZIP Intelligence Map for CRE Terminal.md; Free & Low-Cost CRE Market Intelligence Data Sources.md","CRE API Endpoint Catalog  100-Endpoint Master Reference.md@line 249: E-14 · Census Business Patterns — Establishment Count by NAICS || Free & Freemium US Migration, Demographics & Labor Data Sources — MSA ZIP Intelligence Map for CRE Terminal.md@line 34 || Free & Low-Cost CRE Market Intelligence Data Sources.md@line 50: A3. Census County Business Patterns (CBP)",REVIEW,"CRE API Endpoint Catalog  100-Endpoint Master Reference.md; Free & Freemium US Migration, Demographics & Labor Data Sources — MSA ZIP Intelligence Map for CRE Terminal.md; Free & Low-Cost CRE Market Intelligence Data Sources.md",3
HUD-USPS ZIP↔Tract Crosswalk API,RAW_API,HUD,housing_re,https://www.huduser.gov/hudapi/public/usps?type=3&query=60611&year=2024&quarter=1,Free HUD token. Register: https://www.huduser.gov/portal/dataset/fmr-api.html (https://www.huduser.gov/portal/dataset/fmr-api.html),Free,Quarterly,"type: 1=ZIP-TRACT, 2=ZIP-COUNTY, 3=ZIP-CBSA, etc.",JSON — crosswalk table mapping ZIPs to census geographies with residential/commercial/other address allocation ratios [^13][^14],Yes,Not publicly documented; standard API key limits apply,BUILD_RAW_API,"INPUT: type (1=ZIP→tract, 2=ZIP→county, 3=ZIP→CBSA, 4=ZIP→CBSA division, 5=ZIP→congressional district, 6=ZIP→metro division, 7=ZIP→county subdivision); query (ZIP or GEOID); year; quarter | CRE USE: Translate ZIP-based trade data into census geographies for ACS lookups; aggregate submarket demographics from zip-level sources",CRE API Endpoint Catalog  100-Endpoint Master Reference.md; compass_artifact_wf-5f02d687-92af-4e88-a59b-55245ba3ca7c_text_markdown.md,CRE API Endpoint Catalog  100-Endpoint Master Reference.md@line 353: D-05 · HUD USPS ZIP Code Crosswalk API || compass_artifact_wf-5f02d687-92af-4e88-a59b-55245ba3ca7c_text_markdown.md@line 556 Helper / Misc,REVIEW,CRE API Endpoint Catalog  100-Endpoint Master Reference.md; compass_artifact_wf-5f02d687-92af-4e88-a59b-55245ba3ca7c_text_markdown.md,2
Walk Score API — Walkability & Transit,RAW_API,Walk Score,infrastructure,https://api.walkscore.com/score?format=json&address=1119+8th+Avenue+Seattle+WA+98101&lat=47.6085&lon=-122.3295&transit=1&bike=1&wsapikey=YOUR_KEY,Free key for low-volume use. Register: https://www.walkscore.com/professional/api.php (https://www.walkscore.com/professional/api.php),Freemium,Rolling updates as OSM/transit data changes,"lat/lon + address; flags transit=1, bike=1 for Transit Score and Bike Score","JSON — {walkscore, description, transit:{score, description, summary}, bike:{score, description}} (0–100 integer scores) [^18][^19]",Yes (JSON-P supported),"5,000 API calls/day on free tier; commercial tiers available",BUILD_RAW_API,INPUT: lat; lon; address; transit=1 to include Transit Score; bike=1 for Bike Score; wsapikey | CRE USE: Office/multifamily amenity scoring; tenant attraction analysis; walkability premium modeling; retail foot traffic proxies,CRE API Endpoint Catalog  100-Endpoint Master Reference.md; compass_artifact_wf-5f02d687-92af-4e88-a59b-55245ba3ca7c_text_markdown.md,CRE API Endpoint Catalog  100-Endpoint Master Reference.md@line 438: D-10 · Walk Score API — Walkability & Transit || compass_artifact_wf-5f02d687-92af-4e88-a59b-55245ba3ca7c_text_markdown.md@line 242 CATEGORY 4,REVIEW,CRE API Endpoint Catalog  100-Endpoint Master Reference.md; compass_artifact_wf-5f02d687-92af-4e88-a59b-55245ba3ca7c_text_markdown.md,2
"OpenStreetMap Overpass API (transit, amenities)",RAW_API,OpenStreetMap,infrastructure,https://overpass-api.de/api/interpreter?data=[out:json,None required (public instance); consider self-hosting or Overpass Turbo API for heavy use,Free (open),~2-minute lag behind OSM main database edits,"Overpass QL (around: meters, lat, lng)","JSON / XML / GeoJSON | Specific Fields Returned: Building footprints, landuse polygons (OSM tags), road network, POI, water bodies",Yes,Public instance: fair-use policy; single queries limited to ~10M elements or 3 min runtime,BUILD_RAW_API,"Base Map Context; POI Density Layer | Cross-Verifiable With: Regrid parcels, city GIS portals | Notes / Gotchas: Query example for landuse: [out:json]; way""landuse"" (bbox); out body;. OSM landuse ≠ legal zoning — it reflects observed use, not regulatory zoning. Use as supplemental layer, not primary zoning source.","CRE API Endpoint Catalog  100-Endpoint Master Reference.md; US Retail Pulse & Office Return-to-Work  Free Data Source Master Map (2024–2026).md; US Zoning, Entitlement & Parcel Data  Free Freemium Source Map for CRE Intelligence Terminals.md; compass_artifact_wf-5f02d687-92af-4e88-a59b-55245ba3ca7c_text_markdown.md","CRE API Endpoint Catalog  100-Endpoint Master Reference.md@line 472: D-12 · OpenStreetMap Overpass API — Amenity Proximity || US Retail Pulse & Office Return-to-Work  Free Data Source Master Map (2024–2026).md@line 103 || US Zoning, Entitlement & Parcel Data  Free Freemium Source Map for CRE Intelligence Terminals.md@line 39 || compass_artifact_wf-5f02d687-92af-4e88-a59b-55245ba3ca7c_text_markdown.md@line 252 CATEGORY 4",REVIEW,"CRE API Endpoint Catalog  100-Endpoint Master Reference.md; US Retail Pulse & Office Return-to-Work  Free Data Source Master Map (2024–2026).md; US Zoning, Entitlement & Parcel Data  Free Freemium Source Map for CRE Intelligence Terminals.md; compass_artifact_wf-5f02d687-92af-4e88-a59b-55245ba3ca7c_text_markdown.md",4
EH-01 · OpenFEMA — NFIP Flood Policies,RAW_API,,demographic,https://www.fema.gov/api/open/v2/FimaNfipPolicies?$filter=countyCode%20eq%20,None required,Free,Every 40–60 days,ZIP code,"JSON / CSV | Specific Fields: State, ZIP, coverage amount, policy count, occupancy type, base flood elevation, flood zone",Yes,"10,000 records per API response; paginate with $skip; no documented daily query limit",BUILD_RAW_API,"INPUT: OData filters: countyCode, state, censusTract, reportedZipCode, floodZone; $top (max 10,000 per call); $skip for pagination [^22] | CRE USE: Flood insurance exposure analysis; NFIP participation rates as flood risk proxy; insurance cost modeling for due diligence",CRE API Endpoint Catalog  100-Endpoint Master Reference.md; Insurance Shock Intelligence Stack  Complete Free & Freemium Data Source Map for US Property Insurance Risk (2024–2026).md,CRE API Endpoint Catalog  100-Endpoint Master Reference.md@line 491: EH-01 · OpenFEMA — NFIP Flood Policies || Insurance Shock Intelligence Stack  Complete Free & Freemium Data Source Map for US Property Insurance Risk (2024–2026).md@line 114,REVIEW,CRE API Endpoint Catalog  100-Endpoint Master Reference.md; Insurance Shock Intelligence Stack  Complete Free & Freemium Data Source Map for US Property Insurance Risk (2024–2026).md,2
EH-02 · OpenFEMA — NFIP Claims,RAW_API,,hazard_environmental,https://www.fema.gov/api/open/v2/FimaNfipClaims?$filter=state%20eq%20,None required,Free,Every 40–60 days,ZIP code (redacted for privacy),"JSON — building/contents/ICC damage amounts, year of loss, original construction date, flood zone, community rating system (CRS) discount [^22]",Yes,"No key; 1,000/call; updated every 40–60 days[^75]",BUILD_RAW_API,INPUT: state; countyCode; censusTract; yearOfLoss; floodZone; reportedCity | CRE USE: Historical flood loss experience at property location; insurance underwriting for commercial property; repetitive loss property identification,CRE API Endpoint Catalog  100-Endpoint Master Reference.md; Insurance Shock Intelligence Stack  Complete Free & Freemium Data Source Map for US Property Insurance Risk (2024–2026).md,CRE API Endpoint Catalog  100-Endpoint Master Reference.md@line 508: EH-02 · OpenFEMA — NFIP Claims || Insurance Shock Intelligence Stack  Complete Free & Freemium Data Source Map for US Property Insurance Risk (2024–2026).md@line 113,REVIEW,CRE API Endpoint Catalog  100-Endpoint Master Reference.md; Insurance Shock Intelligence Stack  Complete Free & Freemium Data Source Map for US Property Insurance Risk (2024–2026).md,2
EH-04 · FEMA National Flood Hazard Layer (NFHL) via ArcGIS REST,RAW_API,FEMA,hazard_environmental,"https://hazards.fema.gov/arcgis/rest/services/public/NFHL/MapServer/28/query?geometry=-77.0369,38.9072&geometryType=esriGeometryPoint&inSR=4326&spatialRel=esriSpatialRelIntersects&outFields=FLD_ZONE,ZONE_SUBTY,STATIC_BFE&returnGeometry=false&f=geojson",None required,Free,Effective FIRM panels as LOMC/LOMA amendments posted,lat/lng point,"GeoJSON — Special Flood Hazard Area (SFHA) polygons; flood zones (A, AE, AH, AO, V, X, etc.); base flood elevation (BFE); community ID; effective map date [^24]",Yes,ArcGIS Server standard,BUILD_RAW_API,INPUT: geometry (bounding box or point); geometryType; inSR=4326; outFields; f=geojson | CRE USE: Flood zone determination for insurance requirements and LOC underwriting; site-level SFHA percentage for risk scoring; Elevation Certificate triggers,CRE API Endpoint Catalog  100-Endpoint Master Reference.md; compass_artifact_wf-5f02d687-92af-4e88-a59b-55245ba3ca7c_text_markdown.md,CRE API Endpoint Catalog  100-Endpoint Master Reference.md@line 542: EH-04 · FEMA National Flood Hazard Layer (NFHL) via ArcGIS REST || compass_artifact_wf-5f02d687-92af-4e88-a59b-55245ba3ca7c_text_markdown.md@line 120 CATEGORY 3,REVIEW,CRE API Endpoint Catalog  100-Endpoint Master Reference.md; compass_artifact_wf-5f02d687-92af-4e88-a59b-55245ba3ca7c_text_markdown.md,2
EH-05 · USGS Earthquake Hazards — FDSN Event API,RAW_API,,hazard_environmental,https://earthquake.usgs.gov/fdsnws/event/1/query?format=geojson&minmagnitude=3.0&starttime=2015-01-01&endtime=2025-01-01&minlatitude=36&maxlatitude=42&minlongitude=-91&maxlongitude=-87,None required,Fully free[^68][^69][^70],Near real-time (events posted within minutes),Parcel-level (lat/lon),"GeoJSON / CSV / XML[^62] | Specific Fields: Magnitude, depth, lat/lon, time, place description, significance score, tsunami flag[^62]",Yes,"No documented limit; courtesy limit ~20,000 events per query",BUILD_RAW_API,"INPUT: format (geojson, csv, text); minmagnitude; starttime; endtime; bounding box lat/lon OR latitude+longitude+maxradiuskm (point search) [^25] | CRE USE: Seismic risk assessment for structural engineering; insurance premium estimation for commercial buildings; exclusion zone analysis for industrial/data centers",CRE API Endpoint Catalog  100-Endpoint Master Reference.md; Insurance Shock Intelligence Stack  Complete Free & Freemium Data Source Map for US Property Insurance Risk (2024–2026).md; US CRE Intelligence Terminal  Complete Free Data Source Catalog.md,CRE API Endpoint Catalog  100-Endpoint Master Reference.md@line 559: EH-05 · USGS Earthquake Hazards — FDSN Event API || Insurance Shock Intelligence Stack  Complete Free & Freemium Data Source Map for US Property Insurance Risk (2024–2026).md@line 103 || US CRE Intelligence Terminal  Complete Free Data Source Catalog.md@line 65,REVIEW,CRE API Endpoint Catalog  100-Endpoint Master Reference.md; Insurance Shock Intelligence Stack  Complete Free & Freemium Data Source Map for US Property Insurance Risk (2024–2026).md; US CRE Intelligence Terminal  Complete Free Data Source Catalog.md,3
EH-14 · NREL PVWatts API — Solar Energy Production,RAW_API,NREL/NLR,infrastructure,https://developer.nlr.gov/api/pvwatts/v8.json?api_key=YOUR_KEY&address=233+S+Wacker+Chicago+IL&system_capacity=100&azimuth=180&tilt=20&array_type=1&module_type=0&losses=14,Free NREL/NLR key. Register: https://developer.nlr.gov/signup/ (https://developer.nlr.gov/signup/),Free,Static solar resource database (NSRDB 2022 base),lat/lon + system specs,"JSON — annual/monthly AC energy output (kWh), capacity factor, solar resource data, station info",Yes,"1,000 hourly; 10,000 daily",BUILD_RAW_API,"INPUT: address or lat+lon; system_capacity (kW); azimuth; tilt; array_type (0=fixed, 1=1-axis tracking); module_type (0=standard, 1=premium, 2=thin film); losses (%) [^32][^33] | CRE USE: Rooftop solar feasibility for CRE assets; green building scoring; net-zero energy planning for industrial/warehouse; NNN lease utility cost modeling",CRE API Endpoint Catalog  100-Endpoint Master Reference.md; compass_artifact_wf-5f02d687-92af-4e88-a59b-55245ba3ca7c_text_markdown.md,CRE API Endpoint Catalog  100-Endpoint Master Reference.md@line 712: EH-14 · NREL PVWatts API — Solar Energy Production || compass_artifact_wf-5f02d687-92af-4e88-a59b-55245ba3ca7c_text_markdown.md@line 441 CATEGORY 6,REVIEW,CRE API Endpoint Catalog  100-Endpoint Master Reference.md; compass_artifact_wf-5f02d687-92af-4e88-a59b-55245ba3ca7c_text_markdown.md,2
NREL OpenEI — Utility Rates by ZIP (lookup utility from ZIP first),RAW_API,NREL/NLR,demographic,https://developer.nlr.gov/api/utility_rates/v3.json?api_key=YOUR_KEY&lat=41.8781&lon=-87.6298,NREL/NLR developer key at https://developer.nlr.gov/signup/,Free,EIA Form 861 annual update,address OR lat+lon,"JSON — utility name, EIA utility ID, commercial/residential/industrial electricity rates ($/kWh), effective date, rate schedule type [^32]",Yes,"1,000 hourly; 10,000 daily",BUILD_RAW_API,INPUT: lat; lon; address (alternative) | CRE USE: Operating expense modeling for industrial/data center; NNN utility cost budgeting; energy arbitrage for data center site selection,CRE API Endpoint Catalog  100-Endpoint Master Reference.md; compass_artifact_wf-5f02d687-92af-4e88-a59b-55245ba3ca7c_text_markdown.md,CRE API Endpoint Catalog  100-Endpoint Master Reference.md@line 816: IA-06 · NREL Utility Rates API v3 — Electricity Rates by Location || compass_artifact_wf-5f02d687-92af-4e88-a59b-55245ba3ca7c_text_markdown.md@line 413 CATEGORY 6,REVIEW,CRE API Endpoint Catalog  100-Endpoint Master Reference.md; compass_artifact_wf-5f02d687-92af-4e88-a59b-55245ba3ca7c_text_markdown.md,2
HR-08 · Regrid Parcel API v2 — Spatial (Point/Radius/Bbox) Search,RAW_API,,hazard_environmental,https://app.regrid.com/api/v1/search.json?query=233+S+Wacker+Dr+Chicago+IL&token=YOUR_TOKEN&return_custom=true,Regrid account token (subscription plans). Register: https://app.regrid.com/ (https://app.regrid.com/),,Continuous (county assessor feeds; 99% US coverage),,"GeoJSON — zoning (municipal code), usecode (county assessor use code), usedesc (use description), lbcs_function (Land-Based Classification Standard function code) [^50][^48]",Yes,10 simultaneous requests; ~200 req/min; additional capacity via sales [^48],BUILD_RAW_API,"INPUT: query (address string); path (state/county FIPS path filter); limit (1–1000, default 20); token | CRE USE: Parcel-level ownership; land use and zoning confirmation; site area and geometry for development feasibility; adjacent parcel assembly analysis",CRE API Endpoint Catalog  100-Endpoint Master Reference.md,CRE API Endpoint Catalog  100-Endpoint Master Reference.md@line 1005: HR-07 · Regrid Parcel API v2 — Address Search || CRE API Endpoint Catalog  100-Endpoint Master Reference.md@line 1022: HR-08 · Regrid Parcel API v2 — Spatial (Point/Radius/Bbox) Search || CRE API Endpoint Catalog  100-Endpoint Master Reference.md@line 1319: ZL-02 · Regrid Parcel API — Land Use Code & Zoning Field,REVIEW,CRE API Endpoint Catalog  100-Endpoint Master Reference.md,3
EU-01 · EIA API v2 — Electricity Retail Sales & Prices,RAW_API,EIA,demographic,https://api.eia.gov/v2/electricity/retail-sales/data/?api_key=YOUR_KEY&frequency=monthly&data[0]=price&data[1]=revenue&data[2]=sales&facets[stateid][]=CA&facets[sectorid][]=COM&start=2024-01&end=2026-04,Free EIA key. Register: https://www.eia.gov/opendata/register.php (https://www.eia.gov/opendata/register.php),Free,Monthly (~2-month lag),"stateid + sectorid (RES/COM/IND/TRA/ALL/OTH), date range","JSON — monthly electricity sales (MWh), revenue ($k), customers, average retail price (cents/kWh) by sector and state",Yes,"5,000 rows per page",BUILD_RAW_API,"INPUT: api_key; frequency (monthly, annual); facets[stateid][]; facets[sectorName][] (residential, commercial, industrial, transportation); data[] (sales kWh, revenue $, customers, price) [^57][^58] | CRE USE: Commercial electricity pricing for NNN lease operating expense modeling; industrial energy cost benchmarking; data center utility cost due diligence",CRE API Endpoint Catalog  100-Endpoint Master Reference.md; Industrial & Logistics CRE Demand-Signal Intelligence Layer  Free Endpoint-Grade Data Sources.md; Power-Constrained Markets & Data-Center Site Selection  Exhaustive Free Freemium Data Source Map for US CRE Intelligence Terminal.md; compass_artifact_wf-5f02d687-92af-4e88-a59b-55245ba3ca7c_text_markdown.md,CRE API Endpoint Catalog  100-Endpoint Master Reference.md@line 1162: EU-01 · EIA API v2 — Electricity Retail Sales & Prices || Industrial & Logistics CRE Demand-Signal Intelligence Layer  Free Endpoint-Grade Data Sources.md@line 137 || Power-Constrained Markets & Data-Center Site Selection  Exhaustive Free Freemium Data Source Map for US CRE Intelligence Terminal.md@line 21 || Power-Constrained Markets & Data-Center Site Selection  Exhaustive Free Freemium Data Source Map for US CRE Intelligence Terminal.md@line 25 || compass_artifact_wf-5f02d687-92af-4e88-a59b-55245ba3ca7c_text_markdown.md@line 403 CATEGORY 6,REVIEW,CRE API Endpoint Catalog  100-Endpoint Master Reference.md; Industrial & Logistics CRE Demand-Signal Intelligence Layer  Free Endpoint-Grade Data Sources.md; Power-Constrained Markets & Data-Center Site Selection  Exhaustive Free Freemium Data Source Map for US CRE Intelligence Terminal.md; compass_artifact_wf-5f02d687-92af-4e88-a59b-55245ba3ca7c_text_markdown.md,5
EU-02 · EIA API v2 — Natural Gas Citygate Prices,RAW_API,EIA,economic,https://api.eia.gov/v2/natural-gas/pri/sum/data/?api_key=YOUR_KEY&frequency=monthly&data[0]=value&facets[duoarea][]=SAZ&facets[process][]=PCS&start=2024-01,Same EIA key,Free,Monthly,"state code, process code",JSON — $/MCF gas price by sector/state/month,Yes,"5,000 requests/day",BUILD_RAW_API,"INPUT: facets[duoarea][] (state code, e.g., S_ILL); facets[process][] (PCS=commercial sold, PRS=residential, PIN=industrial, PCG=city gate); frequency (monthly, annual) [^59] | CRE USE: HVAC operating cost analysis; NNN lease CAM cost reconciliation; energy-intensive industrial tenant lease economics",CRE API Endpoint Catalog  100-Endpoint Master Reference.md; compass_artifact_wf-5f02d687-92af-4e88-a59b-55245ba3ca7c_text_markdown.md,CRE API Endpoint Catalog  100-Endpoint Master Reference.md@line 1179: EU-02 · EIA API v2 — Natural Gas Citygate Prices || compass_artifact_wf-5f02d687-92af-4e88-a59b-55245ba3ca7c_text_markdown.md@line 432 CATEGORY 6,REVIEW,CRE API Endpoint Catalog  100-Endpoint Master Reference.md; compass_artifact_wf-5f02d687-92af-4e88-a59b-55245ba3ca7c_text_markdown.md,2
EU-05 · EIA API v2 — Electric Power Hourly Demand (RTO),RAW_API,,demographic,https://api.eia.gov/v2/electricity/rto/fuel-type-data/data/?api_key=YOUR_KEY&frequency=hourly&data=value&facets[respondent,Same EIA key [^57],Free,Hourly (near real-time),Balancing Authority,JSON | Specific Fields Returned: MWh by fuel type (coal/gas/nuclear/solar/wind/hydro/other),Yes,"5,000 requests/day",BUILD_RAW_API,"INPUT: facets[respondent][] (RTO: MISO, PJM, CAISO, ERCOT); facets[fueltype][] (NG, SUN, WND, COL, WAT, NUC, OIL); frequency=hourly | CRE USE: Grid stability risk for data center/critical facility; renewable energy percentage calculation for ESG reporting; peak demand cost assessment",CRE API Endpoint Catalog  100-Endpoint Master Reference.md; Power-Constrained Markets & Data-Center Site Selection  Exhaustive Free Freemium Data Source Map for US CRE Intelligence Terminal.md,CRE API Endpoint Catalog  100-Endpoint Master Reference.md@line 1230: EU-05 · EIA API v2 — Electric Power Hourly Demand (RTO) || Power-Constrained Markets & Data-Center Site Selection  Exhaustive Free Freemium Data Source Map for US CRE Intelligence Terminal.md@line 23,REVIEW,CRE API Endpoint Catalog  100-Endpoint Master Reference.md; Power-Constrained Markets & Data-Center Site Selection  Exhaustive Free Freemium Data Source Map for US CRE Intelligence Terminal.md,2
EU-07 · NREL National Solar Radiation Database (NSRDB) API,RAW_API,NREL/NLR,energy,https://developer.nlr.gov/api/solar/solar_resource/v1.json?api_key=YOUR_KEY&lat=41.878&lon=-87.630,Free NREL/NLR key,Free,Static (NSRDB 2022 PSM v3 base),lat/lon,"JSON — annual/monthly solar resource data: Global Horizontal Irradiance (GHI), Direct Normal Irradiance (DNI), Diffuse Horizontal Irradiance (DHI), wind speed",Yes,"1,000 hourly; 10,000 daily",BUILD_RAW_API,INPUT: lat; lon; api_key | CRE USE: Solar feasibility for rooftop PV on CRE assets; daylighting analysis for office/retail; ground-mount solar for industrial/vacant land,CRE API Endpoint Catalog  100-Endpoint Master Reference.md; compass_artifact_wf-5f02d687-92af-4e88-a59b-55245ba3ca7c_text_markdown.md,CRE API Endpoint Catalog  100-Endpoint Master Reference.md@line 1264: EU-07 · NREL National Solar Radiation Database (NSRDB) API || compass_artifact_wf-5f02d687-92af-4e88-a59b-55245ba3ca7c_text_markdown.md@line 451 CATEGORY 6,REVIEW,CRE API Endpoint Catalog  100-Endpoint Master Reference.md; compass_artifact_wf-5f02d687-92af-4e88-a59b-55245ba3ca7c_text_markdown.md,2
ZL-04 · National Zoning Atlas — API Access,RAW_API,,demographic,https://www.zoningatlas.org,None required for state atlas downloads; ArcGIS REST endpoints public,"Free (nonprofit, open data)",State-by-state coverage expanding through 2026,"National (33,000+ jurisdictions in progress)[^13]","Shapefile / GeoJSON | Specific Fields Returned: Residential zone types, min lot size, multifamily allowance, ADU rules, setbacks, by-right vs. discretionary[^13][^56]",Yes (ArcGIS REST),ArcGIS standard,BUILD_RAW_API,"Zoning Reform Context Tile; Policy Friction Layer | Cross-Verifiable With: Regrid, city GIS portals | Notes / Gotchas: Standardized, research-grade. Not parcel-level — jurisdiction-level polygons. Coverage uneven: CT, VT, OH, TX, AZ well-covered; others partial[^14][^15]. Best for jurisdiction-level friction scoring.","CRE API Endpoint Catalog  100-Endpoint Master Reference.md; US Zoning, Entitlement & Parcel Data  Free Freemium Source Map for CRE Intelligence Terminals.md","CRE API Endpoint Catalog  100-Endpoint Master Reference.md@line 1344: ZL-04 · National Zoning Atlas — API Access || US Zoning, Entitlement & Parcel Data  Free Freemium Source Map for CRE Intelligence Terminals.md@line 16 || US Zoning, Entitlement & Parcel Data  Free Freemium Source Map for CRE Intelligence Terminals.md@line 47",REVIEW,"CRE API Endpoint Catalog  100-Endpoint Master Reference.md; US Zoning, Entitlement & Parcel Data  Free Freemium Source Map for CRE Intelligence Terminals.md",3
IS-15 · Israeli Planning Administration — TABA National Outline Plans,DATASET_PORTAL,data.gov.il,construction_pipeline,https://data.gov.il/api/3/action/package_search?q=building+permits&fq=organization:piba&rows=20&start=0,Anonymous works for public datasets; API key needed for writes,Free,Per plan approval (statutory process),"standard CKAN actions (package_list, package_show, datastore_search, datastore_search_sql)","JSON — {success, result:{count, results:[{id, name, title, notes, resources:[{url, format, name}], organization:{name, title}}]}}",Partial,None documented,BUILD_RAW_API,"INPUT: Plan number; geography (district, city); plan type (residential, commercial, tourism, transportation) | CRE USE: Strategic site evaluation against national planning framework; Israeli development entitlement process due diligence; TMA (transportation master plan) impact on site access",CRE API Endpoint Catalog  100-Endpoint Master Reference.md; compass_artifact_wf-5f02d687-92af-4e88-a59b-55245ba3ca7c_text_markdown.md,CRE API Endpoint Catalog  100-Endpoint Master Reference.md@line 1431: IS-01 · data.gov.il CKAN API — Dataset Search || CRE API Endpoint Catalog  100-Endpoint Master Reference.md@line 1516: IS-06 · Israel CBS — New Dwelling Starts & Completions || CRE API Endpoint Catalog  100-Endpoint Master Reference.md@line 1567: IS-09 · Israel Land Authority (ILA) — GIS Data via data.gov.il || CRE API Endpoint Catalog  100-Endpoint Master Reference.md@line 1669: IS-15 · Israeli Planning Administration — TABA National Outline Plans || compass_artifact_wf-5f02d687-92af-4e88-a59b-55245ba3ca7c_text_markdown.md@line 539 CATEGORY 8,REVIEW,CRE API Endpoint Catalog  100-Endpoint Master Reference.md; compass_artifact_wf-5f02d687-92af-4e88-a59b-55245ba3ca7c_text_markdown.md,5
IS-16 · Israeli Ministry of Interior — Municipalities & Local Council Data,DATASET_PORTAL,,demographic,https://data.gov.il/api/3/action/datastore_search?resource_id={CBS_POPULATION_BY_LOCALITY_RESOURCE_ID}&filters={,None required via data.gov.il,,Every ~5 years (per CBS socioeconomic classification cycle),,"JSON — locality name (Hebrew/Arabic/English), population, households, area (sqkm), population density, majority religion/ethnicity, socioeconomic cluster rank",Yes,None documented,BUILD_RAW_API,"INPUT: resource_id (UUID of specific tabular resource from IS-02); filters (JSON object of column=value); q (full-text search); fields (column subset); sort; limit; offset | CRE USE: Direct tabular access to Israeli housing data, building permits, population counts, transaction prices, urban planning decisions",CRE API Endpoint Catalog  100-Endpoint Master Reference.md,CRE API Endpoint Catalog  100-Endpoint Master Reference.md@line 1465: IS-03 · data.gov.il CKAN API — Datastore Search (Tabular Query) || CRE API Endpoint Catalog  100-Endpoint Master Reference.md@line 1533: IS-07 · Israel Ministry of Finance — Real Estate Transaction Prices || CRE API Endpoint Catalog  100-Endpoint Master Reference.md@line 1550: IS-08 · Israel Building Permits — PIBA Data via data.gov.il || CRE API Endpoint Catalog  100-Endpoint Master Reference.md@line 1584: IS-10 · Israel Census & Population Register — Population by City/Locality || CRE API Endpoint Catalog  100-Endpoint Master Reference.md@line 1618: IS-12 · Israeli Ministry of Housing — Rental Price Index || CRE API Endpoint Catalog  100-Endpoint Master Reference.md@line 1686: IS-16 · Israeli Ministry of Interior — Municipalities & Local Council Data,REVIEW,CRE API Endpoint Catalog  100-Endpoint Master Reference.md,6
US Real Estate (DataScraper),SCRAPE_TARGET,,infrastructure,rapidapi.com/datascraper/api/us-real-estate,,300 req/mo[^1],,,,,,UNKNOWN,"Property-Level CRE Data?: Y — address search, listing type, square footage, lot size, owner, estimates, schools, noise score, commute time[^1] | Live Tile / Ticker: Property detail card, listing map pin | Notes: Updated ~daily; commercial + residential; best all-in-one on RapidAPI[^1]",CRE Intelligence Terminal  Complete API Data Map (May 2026).md,CRE Intelligence Terminal  Complete API Data Map (May 2026).md@line 15 || CRE Intelligence Terminal  Complete API Data Map (May 2026).md@line 133,REVIEW,CRE Intelligence Terminal  Complete API Data Map (May 2026).md,2
Realty in US (Api Dojo),UNKNOWN,,news_sentiment,rapidapi.com/apidojo/api/realty-in-us,,~100 req/mo (freemium),,,,,,UNKNOWN,"Property-Level CRE Data?: Y — for-sale, for-rent, sold, agent data[^2] | Live Tile / Ticker: Active listing tracker, price history sparkline | Notes: Mirrors Realtor.com data; deprecated endpoints; popularity 9.9[^3]",CRE Intelligence Terminal  Complete API Data Map (May 2026).md,CRE Intelligence Terminal  Complete API Data Map (May 2026).md@line 16 || CRE Intelligence Terminal  Complete API Data Map (May 2026).md@line 134,REVIEW,CRE Intelligence Terminal  Complete API Data Map (May 2026).md,2
ATTOM Property (RapidAPI listing),UNKNOWN,,zoning_parcel,rapidapi.com/attomdatasolutions/api/attom-property,,10 req/mo[^5],,,,,,UNKNOWN,"Property-Level CRE Data?: Y — 158M+ properties, tax, deed, mortgage, foreclosure, AVM, school, flood[^8] | Live Tile / Ticker: Ownership & tax history tile | Notes: Free tier too small for production; go direct[^9]",CRE Intelligence Terminal  Complete API Data Map (May 2026).md,CRE Intelligence Terminal  Complete API Data Map (May 2026).md@line 19 || CRE Intelligence Terminal  Complete API Data Map (May 2026).md@line 135,REVIEW,CRE Intelligence Terminal  Complete API Data Map (May 2026).md,2
Mashvisor (Airbnb Rates & RE Analysis),UNKNOWN,,capital_markets,rapidapi.com/mashvisor-team/api/mashvisor,,Free trial (limited),,,,,,UNKNOWN,"Property-Level CRE Data?: Y — cap rate, cash-on-cash return, NOI, Airbnb occupancy, price estimate, rental income, neighborhood analytics[^14] | Live Tile / Ticker: Cap rate tile, COC return widget, neighborhood heatmap | Notes: One of few RapidAPI APIs that surfaces cap rate and NOI directly[^3]",CRE Intelligence Terminal  Complete API Data Map (May 2026).md,CRE Intelligence Terminal  Complete API Data Map (May 2026).md@line 30 || CRE Intelligence Terminal  Complete API Data Map (May 2026).md@line 146,REVIEW,CRE Intelligence Terminal  Complete API Data Map (May 2026).md,2
Rent Estimate (Realty Mole / RentCast),UNKNOWN,,housing_re,rapidapi.com/moneals/api/rent-estimate,,50 req/mo[^5],,,,,,UNKNOWN,Property-Level CRE Data?: Y — address-level rent estimate + comparable rentals[^5] | Live Tile / Ticker: Rent estimate widget | Notes: Deprecated on RapidAPI; use RentCast direct API[^15],CRE Intelligence Terminal  Complete API Data Map (May 2026).md,CRE Intelligence Terminal  Complete API Data Map (May 2026).md@line 31 || CRE Intelligence Terminal  Complete API Data Map (May 2026).md@line 42 || CRE Intelligence Terminal  Complete API Data Map (May 2026).md@line 160,REVIEW,CRE Intelligence Terminal  Complete API Data Map (May 2026).md,3
Alpha Vantage (direct),UNKNOWN,,demographic,alphavantage.co,,25 req/day free[^24],,,,,,UNKNOWN,"Y — REIT price (e.g., VNQ, XLRE), Treasury yields, SOFR proxies, FX (USD/ILS)[^25] | Live Tile / Ticker: REIT price ticker, yield curve tile | Notes: NASDAQ official vendor; free tier thin but functional[^25]",CRE Intelligence Terminal  Complete API Data Map (May 2026).md,CRE Intelligence Terminal  Complete API Data Map (May 2026).md@line 79 || CRE Intelligence Terminal  Complete API Data Map (May 2026).md@line 189,REVIEW,CRE Intelligence Terminal  Complete API Data Map (May 2026).md,2
"NY Fed SOFR API (direct, free)",UNKNOWN,,demographic,https://www.newyorkfed.org/markets/reference-rates/sofr,NONE,"Unlimited, free[^26]",,,JSON / CSV,,,BUILD_RAW_API,"Rate ticker, sparkline | CRE Relevance: Benchmark floating-rate index; directly prices CRE loans, construction financing, and CMBS coupon reset[^1][^2] | Indicator: SOFR (Secured Overnight Financing Rate) | Series ID / Slug: SOFR (FRED: SOFR) | Cadence & Release Time (ET): Daily, ~8:00 AM | Lag from Period-End: T+1 business day",CRE Intelligence Terminal  Complete API Data Map (May 2026).md; US Macro & Sentiment Indicator Layer — CRE Intelligence Terminal (1).md; US Macro & Sentiment Indicator Layer — CRE Intelligence Terminal.md,CRE Intelligence Terminal  Complete API Data Map (May 2026).md@line 80 || US Macro & Sentiment Indicator Layer — CRE Intelligence Terminal (1).md@line 24 || US Macro & Sentiment Indicator Layer — CRE Intelligence Terminal.md@line 24,REVIEW,CRE Intelligence Terminal  Complete API Data Map (May 2026).md; US Macro & Sentiment Indicator Layer — CRE Intelligence Terminal (1).md; US Macro & Sentiment Indicator Layer — CRE Intelligence Terminal.md,3
CurrencyFreaks / Fixer.io (direct),UNKNOWN,,israeli,currencyfreaks.com,,Freemium,,,,,,UNKNOWN,Partial — USD/ILS and 150+ FX rates[^28] | Live Tile / Ticker: USD/ILS live tile | Notes: Relevant if your portfolio has Israeli capital partners[^28],CRE Intelligence Terminal  Complete API Data Map (May 2026).md,CRE Intelligence Terminal  Complete API Data Map (May 2026).md@line 83 || CRE Intelligence Terminal  Complete API Data Map (May 2026).md@line 192,REVIEW,CRE Intelligence Terminal  Complete API Data Map (May 2026).md,2
RentCast (pre-foreclosure limited),UNKNOWN,,housing_re,rentcast.io/api,,"Free: 2 req/mo; Starter $29/mo (100 req); Growth $99/mo (500 req); Pro $199/mo (2,000 req)[^30]",,,"140M+ property records, owner info, AVM, rent estimates, comps, listings, market trends (ZIP level)[^6]",,,UNKNOWN,Valuation + comps carousel[^6] | Free/mo: 2–50[^30] | CRE Data Y/N: Y,CRE Intelligence Terminal  Complete API Data Map (May 2026).md,CRE Intelligence Terminal  Complete API Data Map (May 2026).md@line 92 || CRE Intelligence Terminal  Complete API Data Map (May 2026).md@line 136 || CRE Intelligence Terminal  Complete API Data Map (May 2026).md@line 149 || CRE Intelligence Terminal  Complete API Data Map (May 2026).md@line 157 || CRE Intelligence Terminal  Complete API Data Map (May 2026).md@line 169,REVIEW,CRE Intelligence Terminal  Complete API Data Map (May 2026).md,5
ATTOM Data,UNKNOWN,,zoning_parcel,api.developer.attomdata.com,,"$95/mo (5,000 calls, ~$0.019/call)[^7]; 30-day free trial[^9]",,,"158M+ properties, tax, deed, mortgage, AVM, foreclosure, flood, school, neighborhood[^31]",,,UNKNOWN,AVM + comps panel[^8] | Free/mo: Trial[^9] | CRE Data Y/N: Y,CRE Intelligence Terminal  Complete API Data Map (May 2026).md,CRE Intelligence Terminal  Complete API Data Map (May 2026).md@line 93 || CRE Intelligence Terminal  Complete API Data Map (May 2026).md@line 148,REVIEW,CRE Intelligence Terminal  Complete API Data Map (May 2026).md,2
PropertyRadar,UNKNOWN,,zoning_parcel,propertyradar.com,,$600/mo for API access[^37],,,"Hyperlocal property/owner data, marketed lists, CRE filters",,,UNKNOWN,What It Does: Owner prospecting with 250+ search filters. Strong for distressed lead generation. | Key Features: \- 250+ property and owner search criteria \- Pre-foreclosure and auction tracking \- Owner mailing list generation \- Equity and mortgage analysis \- Absentee owner identification \- Custom list building and export,CRE Intelligence Terminal  Complete API Data Map (May 2026).md; Terminal_Master_Tool_Intelligence_Inventory.md; Terminal_Master_Tool_Inventory (2).md,CRE Intelligence Terminal  Complete API Data Map (May 2026).md@line 98 || Terminal_Master_Tool_Intelligence_Inventory.md@line 81 || Terminal_Master_Tool_Inventory (2).md@line 237: 7\. PropertyRadar,REVIEW,CRE Intelligence Terminal  Complete API Data Map (May 2026).md; Terminal_Master_Tool_Intelligence_Inventory.md; Terminal_Master_Tool_Inventory (2).md,3
Reonomy (direct),UNKNOWN,,zoning_parcel,reonomy.com,,$299+/mo (annual contract)[^38]; enterprise tiers,,,"54M+ commercial properties, LLC ownership piercing, transaction history, verified owner contacts[^39]",,,UNKNOWN,"What It Does: Ownership resolution, LLC entity piercing, Likelihood to Sell score. 54M+ commercial parcels. Now Altus Group. | Key Features: \- LLC and entity ownership piercing \- Predictive Likelihood to Sell scoring \- 54M+ commercial property records \- Owner contact information (phone, email) \- Mortgage and lien data \- Tenant and lease data (select markets) \- AI-powered property matching and alerts \- Portfolio analysis and export",CRE Intelligence Terminal  Complete API Data Map (May 2026).md; Terminal_Master_Tool_Intelligence_Inventory.md; Terminal_Master_Tool_Inventory (2).md,CRE Intelligence Terminal  Complete API Data Map (May 2026).md@line 99 || CRE Intelligence Terminal  Complete API Data Map (May 2026).md@line 150 || Terminal_Master_Tool_Intelligence_Inventory.md@line 76 || Terminal_Master_Tool_Inventory (2).md@line 162: 2\. Reonomy,REVIEW,CRE Intelligence Terminal  Complete API Data Map (May 2026).md; Terminal_Master_Tool_Intelligence_Inventory.md; Terminal_Master_Tool_Inventory (2).md,4
Trepp / TreppWeb Services,UNKNOWN,,economic,trepp.com/trepp-web-services,,Enterprise pricing; no public tiers[^43],,,"CMBS deal library, loan-level analytics, cashflow projections, delinquency data[^44]",,,UNKNOWN,CMBS delinquency rate tile[^44] | Free/mo: None[^43] | CRE Data Y/N: Y (CMBS),CRE Intelligence Terminal  Complete API Data Map (May 2026).md,CRE Intelligence Terminal  Complete API Data Map (May 2026).md@line 101 || CRE Intelligence Terminal  Complete API Data Map (May 2026).md@line 193,REVIEW,CRE Intelligence Terminal  Complete API Data Map (May 2026).md,2
Regrid (Parcel API),UNKNOWN,,energy,https://regrid.com/api,API key (trial: no CC required),"$500–$2,000/mo (API subscription)[^50]; $0.10/record (Standard) or $0.15 (Premium)[^51]",,Parcel-level nationwide (146M+ parcels),"JSON REST API | Fields: Parcel boundary, APN, owner, land use code, zoning, building SF, year built, assessed value, address",,Trial: unspecified; paid plans tiered,BUILD_RAW_API,"Parcel Intelligence / Entitlement Layer | Notes: Best free trial for parcel boundary + zoning lookup. Post-trial pricing: $500–$2,000/mo depending on fields and call volume. [^89][^90][^91][^92][^93]",CRE Intelligence Terminal  Complete API Data Map (May 2026).md; US Commercial Construction Pipeline & Cost Data  Bloomberg-Terminal Source Map.md,CRE Intelligence Terminal  Complete API Data Map (May 2026).md@line 104 || CRE Intelligence Terminal  Complete API Data Map (May 2026).md@line 138 || US Commercial Construction Pipeline & Cost Data  Bloomberg-Terminal Source Map.md@line 131,REVIEW,CRE Intelligence Terminal  Complete API Data Map (May 2026).md; US Commercial Construction Pipeline & Cost Data  Bloomberg-Terminal Source Map.md,3
FEMA NFHL (National Flood Hazard Layer),UNKNOWN,,hazard_environmental,https://hazards.fema.gov/arcgis/rest/services/public/NFHL/MapServer,No[^31],Fully free[^37][^38][^39],Updated with FIRM revisions,Parcel / Flood Zone / Floodway,"ArcGIS REST / WMS / WFS | Specific Fields Returned: Flood zone designation (A, AE, X, etc.), BFE, SFHA, LOMA/LOMR history, effective FIRM date[^32]",,,BUILD_RAW_API,Flood Risk Overlay Tile | Cross-Verifiable With: Parcel centroid from Regrid; USGS elevation | Notes / Gotchas: WFS endpoint: https://hazards.fema.gov/arcgis/services/public/NFHL/MapServer/WFSServer; WMS: https://hazards.fema.gov/arcgis/rest/services/public/NFHLWMS/MapServer/WMSServer[^31]. Most critical free layer for coastal MSA risk scoring.,"CRE Intelligence Terminal  Complete API Data Map (May 2026).md; US CRE Intelligence Terminal  Complete Free Data Source Catalog.md; US Zoning, Entitlement & Parcel Data  Free Freemium Source Map for CRE Intelligence Terminals.md","CRE Intelligence Terminal  Complete API Data Map (May 2026).md@line 115 || US CRE Intelligence Terminal  Complete Free Data Source Catalog.md@line 40 || US Zoning, Entitlement & Parcel Data  Free Freemium Source Map for CRE Intelligence Terminals.md@line 30",REVIEW,"CRE Intelligence Terminal  Complete API Data Map (May 2026).md; US CRE Intelligence Terminal  Complete Free Data Source Catalog.md; US Zoning, Entitlement & Parcel Data  Free Freemium Source Map for CRE Intelligence Terminals.md",3
HUD Opportunity Zones Layer,UNKNOWN,,housing_re,https://www.hud.gov/opportunity-zones,None,Free,Ongoing,Census tract; state,"HTML; links to GIS/state portals | Specific Fields: OZ map link, state-level OZ resources, federal program links, White House Opportunity & Revitalization Council actions[^12]",,,BUILD_RAW_API,OZ Intelligence Hub | #: 6 | Cross-Verifiable With: HUD GIS layer (#5); CDFI CIMS (#10) | Notes / Gotchas: Aggregates federal tools and state OZ websites. Good for political context. Not machine-readable.,CRE Intelligence Terminal  Complete API Data Map (May 2026).md; US Economic Development Incentives  Free & Freemium Data Source Map.md,CRE Intelligence Terminal  Complete API Data Map (May 2026).md@line 121 || CRE Intelligence Terminal  Complete API Data Map (May 2026).md@line 179 || US Economic Development Incentives  Free & Freemium Data Source Map.md@line 33,REVIEW,CRE Intelligence Terminal  Complete API Data Map (May 2026).md; US Economic Development Incentives  Free & Freemium Data Source Map.md,3
Reuters (no native feed since June 2020)[^45],RSS_FEED,Reuters (via Google News),infrastructure,https://news.google.com/rss/search?q=commercial+real+estate+CMBS+site:reuters.com&hl=en-US&gl=US&ceid=US:en,None for proxy,No RSS — Manual PDF drop only at cbre.com/insights; workaround: Kill The Newsletter (subscribe to CBRE Insights email) or Google News https://news.google.com/rss/search?q=CBRE+research+insights&hl=en-US&gl=US&ceid=US:en,"Irregular (quarterly reports, weekly market snapshots)",,RSS 2.0 (Google News proxy),,,BUILD_RAW_API,GNews CRE | English: Yes | License Note: Google ToS: automated commercial redistribution requires review; personal/internal use common,"CRE Intelligence Terminal  Complete RSS, API & Regulatory Feed Directory.md; CRE Intelligence Terminal — Production-Ready API Recipe Book.md","CRE Intelligence Terminal  Complete RSS, API & Regulatory Feed Directory.md@line 16 || CRE Intelligence Terminal  Complete RSS, API & Regulatory Feed Directory.md@line 17 || CRE Intelligence Terminal  Complete RSS, API & Regulatory Feed Directory.md@line 29 || CRE Intelligence Terminal  Complete RSS, API & Regulatory Feed Directory.md@line 43 || CRE Intelligence Terminal  Complete RSS, API & Regulatory Feed Directory.md@line 45 || CRE Intelligence Terminal  Complete RSS, API & Regulatory Feed Directory.md@line 144 || CRE Intelligence Terminal  Complete RSS, API & Regulatory Feed Directory.md@line 152 || CRE Intelligence Terminal — Production-Ready API Recipe Book.md@Section 9 / Lines 558-562",REVIEW,"CRE Intelligence Terminal  Complete RSS, API & Regulatory Feed Directory.md; CRE Intelligence Terminal — Production-Ready API Recipe Book.md",8
Marcus & Millichap — Research & Reports,RSS_FEED,,news_sentiment,https://www.marcusmillichap.com/research,None (email for some),No RSS — Manual PDF drops; workaround: Inoreader web scraper rule on https://www.marcusmillichap.com/research or email subscription → Kill The Newsletter,Quarterly + special reports,National + MSA + submarkets,"PDF | Fields / What's Free: Cap rates, vacancy, absorption, construction pipeline by asset class",,,BUILD_RAW_API,"Property Types: Multifamily, Office, Retail, Industrial, Self-Storage, Hotels | Cadence & Lag: Quarterly + annual investment forecast | Notes: Free; Investment Research includes cap rate by subtype; single-tenant retail reports[^68][^69]","CRE Intelligence Terminal  Complete RSS, API & Regulatory Feed Directory.md; Free & Freemium US Commercial Real Estate Cap Rate Data  The Definitive Source Directory.md; US Commercial Construction Pipeline & Cost Data  Bloomberg-Terminal Source Map.md","CRE Intelligence Terminal  Complete RSS, API & Regulatory Feed Directory.md@line 46 || Free & Freemium US Commercial Real Estate Cap Rate Data  The Definitive Source Directory.md@line 184 || Free & Freemium US Commercial Real Estate Cap Rate Data  The Definitive Source Directory.md@line 343 || Free & Freemium US Commercial Real Estate Cap Rate Data  The Definitive Source Directory.md@line 361 || US Commercial Construction Pipeline & Cost Data  Bloomberg-Terminal Source Map.md@line 113",REVIEW,"CRE Intelligence Terminal  Complete RSS, API & Regulatory Feed Directory.md; Free & Freemium US Commercial Real Estate Cap Rate Data  The Definitive Source Directory.md; US Commercial Construction Pipeline & Cost Data  Bloomberg-Terminal Source Map.md",5
"Office REIT Quarterly Supplementals (Boston Properties BXP, Vornado VNO, SL Green SLG, Kilroy KRC, Cousins CUZ, Highwoods HIW, Brandywine BDN, Piedmont PDM)",BULK_DOWNLOAD,SEC,capital_markets,https://www.sec.gov/cgi-bin/browse-edgar?action=getcompany&type=8-K&dateb=&owner=include&count=40&search_text=&SIC=6552&output=atom,None (EDGAR public),Free — SEC EDGAR[^22],Real-time (updated continuously),All registered RIAs including foreign-domiciled RE managers,"HTML / XBRL | Specific Fields Available (Free): Systemwide RevPAR %, ADR %, occupancy %; NA Full Service, NA Select Service; international; luxury vs full service vs select",,10 req/sec,BUILD_RAW_API,"Chain Scale Benchmark tile | #: 21 | Cross-Verifiable With: Hilton 10-Q, IHG Annual, CoStar | Notes / Gotchas: Marriott discloses RevPAR by segment (luxury, premium, select) in quarterly earnings tables. Cross-reference with Hilton (HLT), Hyatt (H), IHG (annual + interim), Choice Hotels (CHH), Wyndham (WH). Combined these 5 franchisors cover ~85% of US branded hotel inventory.[^68]","CRE Intelligence Terminal  Complete RSS, API & Regulatory Feed Directory.md; Free & Freemium US Tenant Distress + CMBS Loan Watchlist Data Source Map.md; Global Institutional Capital Flows Into US CRE  Free & Freemium Data Source Map (2024–2026).md; healthcare-cre-datasources.md; US CRE Intelligence Terminal  Demand-Signal Data Source Directory.md; US Hospitality & Travel Demand  Free Freemium Data Source Map for CRE Intelligence Terminal.md; CRE Intelligence Terminal — Production-Ready API Recipe Book.md","CRE Intelligence Terminal  Complete RSS, API & Regulatory Feed Directory.md@line 61 || CRE Intelligence Terminal  Complete RSS, API & Regulatory Feed Directory.md@line 62 || CRE Intelligence Terminal  Complete RSS, API & Regulatory Feed Directory.md@line 63 || CRE Intelligence Terminal  Complete RSS, API & Regulatory Feed Directory.md@line 64 || Free & Freemium US Tenant Distress + CMBS Loan Watchlist Data Source Map.md@line 59 || Global Institutional Capital Flows Into US CRE  Free & Freemium Data Source Map (2024–2026).md@line 89 || healthcare-cre-datasources.md@line 19 || US CRE Intelligence Terminal  Demand-Signal Data Source Directory.md@line 31 || US CRE Intelligence Terminal  Demand-Signal Data Source Directory.md@line 52 || US CRE Intelligence Terminal  Demand-Signal Data Source Directory.md@line 72 || US CRE Intelligence Terminal  Demand-Signal Data Source Directory.md@line 86 || US Hospitality & Travel Demand  Free Freemium Data Source Map for CRE Intelligence Terminal.md@line 37 || CRE Intelligence Terminal — Production-Ready API Recipe Book.md@Section 4 / Lines 397-400",REVIEW,"CRE Intelligence Terminal  Complete RSS, API & Regulatory Feed Directory.md; Free & Freemium US Tenant Distress + CMBS Loan Watchlist Data Source Map.md; Global Institutional Capital Flows Into US CRE  Free & Freemium Data Source Map (2024–2026).md; healthcare-cre-datasources.md; US CRE Intelligence Terminal  Demand-Signal Data Source Directory.md; US Hospitality & Travel Demand  Free Freemium Data Source Map for CRE Intelligence Terminal.md; CRE Intelligence Terminal — Production-Ready API Recipe Book.md",13
"SEC EDGAR — Form 20-F (Annual Reports, Foreign Private Issuers)",SCRAPE_TARGET,SEC,capital_markets,"https://efts.sec.gov/LATEST/search-index?q=%22CMBS%22+%22commercial+real+estate%22&dateRange=custom&startdt=2024-01-01&enddt=2026-12-31&forms=10-K,10-Q,8-K&hits.hits._source=period_of_report,entity_name,file_date,form_type,biz_location",No (User-Agent header required),Free,Near real-time (within 15 days of first sale)[^138],"All US private funds raising capital under Reg D; filter by ""Pooled Investment Fund"" + ""Real Estate""","XML, JSON via EDGAR API | Specific Fields Returned: Issuer name + address, offering size, investor count, industry group, named officers/directors, exemption type[^138]",,10 req/sec,BUILD_RAW_API,"REIT / Franchisor Comp table | #: 32 | Cross-Verifiable With: CoStar/STR weekly for benchmark | Notes / Gotchas: Key Hotel REIT CIKs: Host Hotels & Resorts = 1061937; Park Hotels = 1617063; Apple Hospitality = 1418121; RLJ Lodging = 1511808; Pebblebrook = 1474098; Summit = 1497645; Sunstone = 1295810; DiamondRock = 1299922; Xenia = 1616000; Chesapeake Lodging (acquired by Park). Franchisors: Marriott = MAR, Hilton = HLT, Hyatt = H, IHG (UK-listed, uses 20-F), Choice = CHH, Wyndham = WH, Accor (Paris-listed).[^94][^65][^66][^67]","CRE Intelligence Terminal  Complete RSS, API & Regulatory Feed Directory.md; Free & Freemium Data Sources for Tracking Israeli Institutional Capital in US Real Estate.md; Free & Freemium US Tenant Distress + CMBS Loan Watchlist Data Source Map.md; Global Institutional Capital Flows Into US CRE  Free & Freemium Data Source Map (2024–2026).md; US CRE Capital Markets & CMBS Free Data Source Map — Terminal Intelligence Stack.md; US Hospitality & Travel Demand  Free Freemium Data Source Map for CRE Intelligence Terminal.md; CRE Intelligence Terminal — Production-Ready API Recipe Book.md","CRE Intelligence Terminal  Complete RSS, API & Regulatory Feed Directory.md@line 65 || Free & Freemium Data Sources for Tracking Israeli Institutional Capital in US Real Estate.md@line 79: SEC EDGAR — Form 20-F (Annual Reports, Foreign Private Issuers) || Free & Freemium Data Sources for Tracking Israeli Institutional Capital in US Real Estate.md@line 264: SEC EDGAR — Full Text Search (EFTS) || Free & Freemium US Tenant Distress + CMBS Loan Watchlist Data Source Map.md@line 56 || Global Institutional Capital Flows Into US CRE  Free & Freemium Data Source Map (2024–2026).md@line 88 || US CRE Capital Markets & CMBS Free Data Source Map — Terminal Intelligence Stack.md@line 19 || US Hospitality & Travel Demand  Free Freemium Data Source Map for CRE Intelligence Terminal.md@line 48 || CRE Intelligence Terminal — Production-Ready API Recipe Book.md@Section 4 / Lines 374-378 || CRE Intelligence Terminal — Production-Ready API Recipe Book.md@Section 4 / Lines 380-383 || CRE Intelligence Terminal — Production-Ready API Recipe Book.md@Section 4 / Lines 385-388 || CRE Intelligence Terminal — Production-Ready API Recipe Book.md@Section 4 / Lines 392-395 || CRE Intelligence Terminal — Production-Ready API Recipe Book.md@Master Reference Table / Line 619",REVIEW,"CRE Intelligence Terminal  Complete RSS, API & Regulatory Feed Directory.md; Free & Freemium Data Sources for Tracking Israeli Institutional Capital in US Real Estate.md; Free & Freemium US Tenant Distress + CMBS Loan Watchlist Data Source Map.md; Global Institutional Capital Flows Into US CRE  Free & Freemium Data Source Map (2024–2026).md; US CRE Capital Markets & CMBS Free Data Source Map — Terminal Intelligence Stack.md; US Hospitality & Travel Demand  Free Freemium Data Source Map for CRE Intelligence Terminal.md; CRE Intelligence Terminal — Production-Ready API Recipe Book.md",12
SOFR — Secured Overnight Financing Rate,RAW_API,NY Fed,capital_markets,https://markets.newyorkfed.org/api/rates/secured/sofr/last/1.json,No key,,Daily (~8:00 AM ET next business day),,JSON,YES — access-control-allow-origin: * confirmed live,None published; stay ≤1 req/min as courtesy,BUILD_RAW_API,NAME: NY Fed SOFR | FIELD: refRates.percentRate | ILS NOTE: SOFR is the USD benchmark replacing LIBOR; sets cost of USD-denominated CRE debt used by Israeli investors acquiring US assets,CRE Investment Platform Financial Ticker API Reference Guide.md; Terminal_Research_Prompts_May2026.md,CRE Investment Platform Financial Ticker API Reference Guide.md@line 28: A1. SOFR — Secured Overnight Financing Rate || Terminal_Research_Prompts_May2026.md@SEARCH 1 line 65,REVIEW,CRE Investment Platform Financial Ticker API Reference Guide.md; Terminal_Research_Prompts_May2026.md,2
VIX (CBOE Volatility Index),RAW_API,,macro_indicator,https://query1.finance.yahoo.com/v8/finance/chart/%5EVIX?interval=1d&range=1d,None (MUST send User-Agent header or receive 429),,Real-time during market hours,,JSON,NO — vary: Origin + x-frame-options: SAMEORIGIN — REQUIRES server-side proxy,Undocumented; cache server-side at 60s; aggressive polling triggers 429,BUILD_RAW_API,NAME: Yahoo Finance Chart API — VIX | FIELD: chart.result.meta.regularMarketPrice → 16.59 (confirmed live today) | ILS NOTE: VIX >25 triggers risk-off capital flows from EM/small markets; ILS historically weakens as VIX spikes — direct signal for Israeli investors' USD portfolio mark-to-market,CRE Investment Platform Financial Ticker API Reference Guide.md; RePrime Terminal — Global Capital Context Bridge Layer  Free API Source Book.md,CRE Investment Platform Financial Ticker API Reference Guide.md@line 219: A7. VIX (CBOE Volatility Index) || RePrime Terminal — Global Capital Context Bridge Layer  Free API Source Book.md@line 129,REVIEW,CRE Investment Platform Financial Ticker API Reference Guide.md; RePrime Terminal — Global Capital Context Bridge Layer  Free API Source Book.md,2
DXY (ICE US Dollar Index) — Yahoo Finance,RAW_API,,capital_markets,https://query1.finance.yahoo.com/v8/finance/chart/DX-Y.NYB?interval=1d&range=1d,None (requires User-Agent header),,Real-time (delayed),,JSON,NO — requires server-side proxy,Same as VIX — cache at 60s,BUILD_RAW_API,"NAME: Yahoo Finance Chart API — DXY | FIELD: chart.result.meta.regularMarketPrice | ILS NOTE: DXY inversely correlates with emerging market currencies including ILS; a rising DXY typically weakens the shekel, affecting the USD cost basis for Israeli buyers acquiring US CRE",CRE Investment Platform Financial Ticker API Reference Guide.md; RePrime Terminal — Global Capital Context Bridge Layer  Free API Source Book.md,CRE Investment Platform Financial Ticker API Reference Guide.md@line 236: A8. DXY (US Dollar Index) || RePrime Terminal — Global Capital Context Bridge Layer  Free API Source Book.md@line 143,REVIEW,CRE Investment Platform Financial Ticker API Reference Guide.md; RePrime Terminal — Global Capital Context Bridge Layer  Free API Source Book.md,2
BoI Representative Rate — XML all CCY,RAW_API,,infrastructure,https://www.boi.org.il/PublicApi/GetExchangeRates?asXml=true,None,Unlimited[^14],"Daily (~3:30 PM Israel time, ~8:30 AM ET)",,JSON | FORMAT: JSON (SDMX-JSON format — nested structure) | FORMAT: JSON,UNKNOWN — no access-control-allow-origin header observed; x-frame-options: SameOrigin present. Route through server-side proxy.,None published,BUILD_RAW_API,"NAME: Bank of Israel PublicAPI — Exchange Rates | FIELD: Filter exchangeRates array for ""key"": ""USD"" → | ILS NOTE: This is the OFFICIAL Bank of Israel representative rate — the legal reference rate for all Israeli financial reporting, tax purposes, and fund NAV calculations. Israeli investors expect this specific rate, not interbank mid-market. | NAME: BOI SDMX Edge Server | ENDPOINT: https://edge.boi.org.il/FusionEdgeServer/sdmx/v2/data/dataflow/BOI.STATISTICS/EXR/1.0/RER_USD_ILS?lastNObservations=1&format=sdmx-json | AUTH: None | FIELD: data.dataSets.series[""0:0:0:0:0:0""].observations[""0""] → ""2.907"" (confirmed) | UPDATE: Daily | CORS: UNKNOWN — use proxy | RATE LIMIT: None published | NAME: ExchangeRate-API Free Tier | ENDPOINT: https://open.er-api.com/v6/latest/USD | AUTH: None | FIELD: rates.ILS → 2.8997 (confirmed live today) | UPDATE: Daily (~midnight UTC) | CORS: YES — access-control-allow-origin: * confirmed | RATE LIMIT: Not formally published; treat as ≤1 req/min | ILS NOTE: ⚠️ Interbank mid-market rate ONLY — differs from BOI official rate by 0.5–1.0%. Acceptable for non-reporting display but NOT for Israeli financial compliance contexts.",CRE Investment Platform Financial Ticker API Reference Guide.md; Israeli Financial Data Engine — Source Reference for US CRE Intelligence Terminal.md; RePrime Terminal — Global Capital Context Bridge Layer  Free API Source Book.md,CRE Investment Platform Financial Ticker API Reference Guide.md@line 256: B9. USD/ILS Exchange Rate || Israeli Financial Data Engine — Source Reference for US CRE Intelligence Terminal.md@line 17 || RePrime Terminal — Global Capital Context Bridge Layer  Free API Source Book.md@line 30,REVIEW,CRE Investment Platform Financial Ticker API Reference Guide.md; Israeli Financial Data Engine — Source Reference for US CRE Intelligence Terminal.md; RePrime Terminal — Global Capital Context Bridge Layer  Free API Source Book.md,3
Bitcoin and Total Crypto Market Cap,RAW_API,CoinGecko,macro_indicator,https://api.coingecko.com/api/v3/simple/price?ids=bitcoin&vs_currencies=usd,"None — fully free, no key required","30 calls/min, 10,000 calls/month (with free demo key)[^15]",~Every 1 minute on CoinGecko's index,,"JSON | FIELDS: bitcoin.usd → $77,611 (confirmed live today)",YES — access-control-allow-origin: * confirmed live,Free tier: ~30 calls/minute (community consensus; CoinGecko does not publish formally),BUILD_RAW_API,"NAME: CoinGecko Public API | BITCOIN: https://api.coingecko.com/api/v3/simple/price?ids=bitcoin&vs_currencies=usd | GLOBAL: https://api.coingecko.com/api/v3/global | ILS NOTE: Total crypto market cap in ILS is natively returned in the /global response (data.total_market_cap.ils), which is unique among free data sources — no conversion needed for your Israeli investor display",CRE Investment Platform Financial Ticker API Reference Guide.md; RePrime Terminal — Global Capital Context Bridge Layer  Free API Source Book.md; Terminal_Research_Prompts_May2026.md,CRE Investment Platform Financial Ticker API Reference Guide.md@line 531: C21. Bitcoin and Total Crypto Market Cap || RePrime Terminal — Global Capital Context Bridge Layer  Free API Source Book.md@line 31 || RePrime Terminal — Global Capital Context Bridge Layer  Free API Source Book.md@line 154 || Terminal_Research_Prompts_May2026.md@SEARCH 1 line 167,REVIEW,CRE Investment Platform Financial Ticker API Reference Guide.md; RePrime Terminal — Global Capital Context Bridge Layer  Free API Source Book.md; Terminal_Research_Prompts_May2026.md,4
LoopNet (CoStar) — Free Tier,SCRAPE_TARGET,CoStar Group,infrastructure,https://www.loopnet.com/,,Free tier (basic listings); premium CoStar required for full comp data,,,commercial real estate listings for sale and lease,,,BUILD_RAW_API,"What it provides: Free access to commercial listings, basic sale comparables, and some ownership information.[^50][^51] | Limitation for Israeli tracking: Does not tag buyers by nationality. To use effectively, you must already know the entity name (from MAGNA or EDGAR) and search the buyer/owner field. | Actionability: Medium. Secondary verification tool once you have entity names.",Free & Freemium Data Sources for Tracking Israeli Institutional Capital in US Real Estate.md; CRE Data Acquisition Cost Model.md,Free & Freemium Data Sources for Tracking Israeli Institutional Capital in US Real Estate.md@line 279: LoopNet (CoStar) — Free Tier || CRE Data Acquisition Cost Model.md@Section 2 line 35; Works cited #6 line 245,REVIEW,Free & Freemium Data Sources for Tracking Israeli Institutional Capital in US Real Estate.md; CRE Data Acquisition Cost Model.md,2
Trepp Blog — Monthly CMBS Delinquency,RSS_FEED,,infrastructure,https://www.trepp.com/trepptalk,None (blog); email registration for PDF,Freemium (blog = free; platform = paid),Monthly (report) + weekly (blog)[^19][^20],National,"HTML / inline tables | Specific Fields Returned: Overall CMBS delinquency rate, 30/60/90+ day buckets, special servicing rate, property type breakdown (office/retail/hotel/multifamily/industrial), month-over-month change[^26][^27][^28]",,,BUILD_RAW_API,"CMBS Watchlist Ticker | Cross-Verifiable With: KBRA, CRED iQ | Notes: Trepp CMBS delinquency was 7.29% in August 2025, up for the sixth consecutive month[^19]. Free blog posts name specific distressed properties. Monthly PDF requires email registration (not paid). True loan-level special-servicing transfer data is behind TreppWire Pro ($5K–$20K/yr). RSS at https://www.trepp.com/feed.",Free & Freemium US Commercial Real Estate Cap Rate Data  The Definitive Source Directory.md; Free & Freemium US Tenant Distress + CMBS Loan Watchlist Data Source Map.md; US CRE Capital Markets & CMBS Free Data Source Map — Terminal Intelligence Stack.md,Free & Freemium US Commercial Real Estate Cap Rate Data  The Definitive Source Directory.md@line 199 || Free & Freemium US Commercial Real Estate Cap Rate Data  The Definitive Source Directory.md@line 321 || Free & Freemium US Tenant Distress + CMBS Loan Watchlist Data Source Map.md@line 28 || US CRE Capital Markets & CMBS Free Data Source Map — Terminal Intelligence Stack.md@line 31,REVIEW,Free & Freemium US Commercial Real Estate Cap Rate Data  The Definitive Source Directory.md; Free & Freemium US Tenant Distress + CMBS Loan Watchlist Data Source Map.md; US CRE Capital Markets & CMBS Free Data Source Map — Terminal Intelligence Stack.md,4
CRED iQ Monthly CMBS Distress Reports,RSS_FEED,,capital_markets,https://cred-iq.com/blog/,None for free articles,Freemium (reports free; platform = paid),Monthly[^17][^18],National,"HTML / press release | Specific Fields Returned: Composite distress rate (30+ days DQ + specially serviced), property type drill-down, MSA-level distress for top 50 markets, conduit vs SASB split[^29][^30][^31]",,,BUILD_RAW_API,"CMBS Watchlist Ticker | Cross-Verifiable With: KBRA, Trepp | Notes: CRED iQ distress rate (delinquent + specially serviced) was 10.8% in June 2025[^17], 11.28% in September 2025[^18]. Monthly blog posts are free. Paid platform has loan-level special servicing transfers. RSS: https://cred-iq.com/feed/. For the terminal, RSS poll daily and surface any distress rate move >50bps as a live alert.",Free & Freemium US Commercial Real Estate Cap Rate Data  The Definitive Source Directory.md; Free & Freemium US Tenant Distress + CMBS Loan Watchlist Data Source Map.md; US CRE Capital Markets & CMBS Free Data Source Map — Terminal Intelligence Stack.md,Free & Freemium US Commercial Real Estate Cap Rate Data  The Definitive Source Directory.md@line 201 || Free & Freemium US Commercial Real Estate Cap Rate Data  The Definitive Source Directory.md@line 308 || Free & Freemium US Commercial Real Estate Cap Rate Data  The Definitive Source Directory.md@line 318 || Free & Freemium US Commercial Real Estate Cap Rate Data  The Definitive Source Directory.md@line 328 || Free & Freemium US Commercial Real Estate Cap Rate Data  The Definitive Source Directory.md@line 341 || Free & Freemium US Commercial Real Estate Cap Rate Data  The Definitive Source Directory.md@line 353 || Free & Freemium US Commercial Real Estate Cap Rate Data  The Definitive Source Directory.md@line 359 || Free & Freemium US Tenant Distress + CMBS Loan Watchlist Data Source Map.md@line 27 || US CRE Capital Markets & CMBS Free Data Source Map — Terminal Intelligence Stack.md@line 32,REVIEW,Free & Freemium US Commercial Real Estate Cap Rate Data  The Definitive Source Directory.md; Free & Freemium US Tenant Distress + CMBS Loan Watchlist Data Source Map.md; US CRE Capital Markets & CMBS Free Data Source Map — Terminal Intelligence Stack.md,9
Zillow Research Data (ZHVI and ZORI),SCRAPE_TARGET,Zillow,housing_re,https://www.zillow.com/research/data/,Free CSV,Free/trial,Monthly (data updated on the 16th of each month)[^17],"National, state, MSA/metro, county, ZIP code, neighborhood[^16]",Observed rent index by unit type and market | Format: CSV,,,BUILD_RAW_API,"PROPERTY TYPES: Residential ONLY — single-family homes and multifamily rentals. No commercial (office/retail/industrial) data[^17][^16]. | FREE: Yes — explicitly free for public use, analysts, and media[^16] | VISUAL USE: ZORI = multifamily rent trend line chart by MSA or ZIP. ZHVI = residential home value heatmap. Both are excellent leading indicators for multifamily demand in a CRE dashboard. | Note on commercial rent: Zillow publishes",Free & Freemium US Commercial Real Estate Cap Rate Data  The Definitive Source Directory.md; Free & Low-Cost CRE Market Intelligence Data Sources.md; Terminal_Master_Tool_Intelligence_Inventory.md; Terminal_Master_Tool_Inventory (2).md; US CRE Intelligence Terminal  Demand-Signal Data Source Directory.md; Terminal_Research_Prompts_May2026.md,Free & Freemium US Commercial Real Estate Cap Rate Data  The Definitive Source Directory.md@line 272 || Free & Freemium US Commercial Real Estate Cap Rate Data  The Definitive Source Directory.md@line 329 || Free & Low-Cost CRE Market Intelligence Data Sources.md@line 124: B8. Zillow Research Data (ZHVI and ZORI) || Terminal_Master_Tool_Intelligence_Inventory.md@line 240 || Terminal_Master_Tool_Inventory (2).md@line 1537: 4\. Zillow API || US CRE Intelligence Terminal  Demand-Signal Data Source Directory.md@line 61 || US CRE Intelligence Terminal  Demand-Signal Data Source Directory.md@line 62 || Terminal_Research_Prompts_May2026.md@SEARCH 2 line 291,REVIEW,Free & Freemium US Commercial Real Estate Cap Rate Data  The Definitive Source Directory.md; Free & Low-Cost CRE Market Intelligence Data Sources.md; Terminal_Master_Tool_Intelligence_Inventory.md; Terminal_Master_Tool_Inventory (2).md; US CRE Intelligence Terminal  Demand-Signal Data Source Directory.md; Terminal_Research_Prompts_May2026.md,8
RealPage — Apartment Demand & Supply,RAW_API,,demographic,https://www.realpage.com/analytics/,None for blog,Freemium (blog posts free; data paid),Monthly (blog); quarterly (reports),National/region (MSA requires sub),Effective asking rent + occupancy national/regional; Nov 2025: 94.8% occupancy[^104] | Format: Blog/paid CSV,,,BUILD_RAW_API,"Series: Effective asking rent, occupancy (market-rate units) | Cadence: Monthly | Notes: Freemium — monthly blog with national/regional data free; MSA detail requires subscription[^103][^104]",Free & Freemium US Commercial Real Estate Cap Rate Data  The Definitive Source Directory.md; US Commercial Construction Pipeline & Cost Data  Bloomberg-Terminal Source Map.md,Free & Freemium US Commercial Real Estate Cap Rate Data  The Definitive Source Directory.md@line 274 || Free & Freemium US Commercial Real Estate Cap Rate Data  The Definitive Source Directory.md@line 331 || US Commercial Construction Pipeline & Cost Data  Bloomberg-Terminal Source Map.md@line 118,REVIEW,Free & Freemium US Commercial Real Estate Cap Rate Data  The Definitive Source Directory.md; US Commercial Construction Pipeline & Cost Data  Bloomberg-Terminal Source Map.md,3
CBRE Cap Rate Survey,UNKNOWN,,capital_markets,Same as above,Free PDF,,,National + MSA,Industrial cap rate by grade + market; H2 2025 industrial cap rates showing stabilization[^60] | Format: PDF,,,UNKNOWN,Cadence: Semi-annual | Methodology: Survey,Free & Freemium US Commercial Real Estate Cap Rate Data  The Definitive Source Directory.md,Free & Freemium US Commercial Real Estate Cap Rate Data  The Definitive Source Directory.md@line 317 || Free & Freemium US Commercial Real Estate Cap Rate Data  The Definitive Source Directory.md@line 350,REVIEW,Free & Freemium US Commercial Real Estate Cap Rate Data  The Definitive Source Directory.md,2
ACS Housing Tenure (B25003),RAW_API,,demographic,https://api.census.gov/data/2023/acs/acs1?get=NAME,Yes — free key at api.census.gov/data/key_signup.html,Free — public domain[^72],Annual (1-year lag; 2023 data released Sep 2024),National / State / MSA / County / Place,"JSON → CSV | Specific Fields: Median HH income (B19013), median age (B01002), educational attainment (B15003), foreign-born share (B05012), race/ethnicity (B03002)",,,BUILD_RAW_API,"MSA Momentum Scorecard / Demographic tile | Cross-Verifiable With: PEP, BEA RegionalIncome, BLS QCEW | Notes / Gotchas: Only released for populations ≥65,000; small metros use 5-yr only[^3]","Free & Freemium US Migration, Demographics & Labor Data Sources — MSA ZIP Intelligence Map for CRE Terminal.md; US CRE Intelligence Terminal  Demand-Signal Data Source Directory.md","Free & Freemium US Migration, Demographics & Labor Data Sources — MSA ZIP Intelligence Map for CRE Terminal.md@line 27 || US CRE Intelligence Terminal  Demand-Signal Data Source Directory.md@line 70",REVIEW,"Free & Freemium US Migration, Demographics & Labor Data Sources — MSA ZIP Intelligence Map for CRE Terminal.md; US CRE Intelligence Terminal  Demand-Signal Data Source Directory.md",2
Census ACS 5-Year API — Exact Table IDs,RAW_API,,demographic,https://api.census.gov/data/2024/acs/acs5?get=NAME,Yes — same key,Free,Rolling 5-yr (2020–2024 released Jan 2026; 2015–2019 comparison available),National / State / MSA / County / ZIP / Tract / Block Group,"JSON | Specific Fields: All ACS tables to block-group; B25003 (tenure), B25031 (gross rent), B08303 (commute time)",,,BUILD_RAW_API,"Household Formation / Multifamily Demand | Cross-Verifiable With: CHAS (HUD), Eviction Lab, Opportunity Insights | Notes / Gotchas: 2020–2024 vs 2015–2019 non-overlapping comparison now available[^4]","Free & Freemium US Migration, Demographics & Labor Data Sources — MSA ZIP Intelligence Map for CRE Terminal.md; Free & Low-Cost CRE Market Intelligence Data Sources.md","Free & Freemium US Migration, Demographics & Labor Data Sources — MSA ZIP Intelligence Map for CRE Terminal.md@line 28 || Free & Low-Cost CRE Market Intelligence Data Sources.md@line 397: F26. Census ACS 5-Year API — Exact Table IDs",REVIEW,"Free & Freemium US Migration, Demographics & Labor Data Sources — MSA ZIP Intelligence Map for CRE Terminal.md; Free & Low-Cost CRE Market Intelligence Data Sources.md",2
Census API — Building Permits Survey (BPS) Monthly National,RAW_API,Census,demographic,"https://api.census.gov/data/timeseries/eits/bps?get=cell_value,time_slot_name,category_code&for=us:*&time=from+2023-01&key=YOUR_KEY",Free key,Free,Monthly,National / State / MSA / County / Place,"JSON | Specific Fields: Permit counts by structure type (1-unit, 2-4 unit, 5+ unit), valuation",,Generous (undocumented),BUILD_RAW_API,"Supply Pipeline vs. Demand Pressure tile | Cross-Verifiable With: QCEW construction jobs, HUD AHS | Notes / Gotchas: Cross with multifamily permit YoY vs. net migration to compute supply/demand gap","Free & Freemium US Migration, Demographics & Labor Data Sources — MSA ZIP Intelligence Map for CRE Terminal.md; CRE Intelligence Terminal — Production-Ready API Recipe Book.md","Free & Freemium US Migration, Demographics & Labor Data Sources — MSA ZIP Intelligence Map for CRE Terminal.md@line 31 || CRE Intelligence Terminal — Production-Ready API Recipe Book.md@Section 7 / Line 533 || CRE Intelligence Terminal — Production-Ready API Recipe Book.md@Master Reference Table / Line 627",REVIEW,"Free & Freemium US Migration, Demographics & Labor Data Sources — MSA ZIP Intelligence Map for CRE Terminal.md; CRE Intelligence Terminal — Production-Ready API Recipe Book.md",3
HUD AHS — American Housing Survey,RAW_API,,demographic,https://www.census.gov/programs-surveys/ahs.html,Free API key,Free — public domain,Biennial,National / 25 largest metros,"CSV/SAS | Specific Fields: Housing quality, tenure, vacancy, recent mover status, monthly housing costs, square footage",,,BUILD_RAW_API,"Housing Stock Quality / Recent Mover tile | Cross-Verifiable With: ACS tenure/value tables, ZHVI | Notes / Gotchas: Recent mover flag (moved in last 12 months) is a proxy for migration turnover at metro level","Free & Freemium US Migration, Demographics & Labor Data Sources — MSA ZIP Intelligence Map for CRE Terminal.md; US CRE Intelligence Terminal  Demand-Signal Data Source Directory.md","Free & Freemium US Migration, Demographics & Labor Data Sources — MSA ZIP Intelligence Map for CRE Terminal.md@line 116 || US CRE Intelligence Terminal  Demand-Signal Data Source Directory.md@line 69",REVIEW,"Free & Freemium US Migration, Demographics & Labor Data Sources — MSA ZIP Intelligence Map for CRE Terminal.md; US CRE Intelligence Terminal  Demand-Signal Data Source Directory.md",2
Replica Free Academic/Pilot,DATASET_PORTAL,,demographic,https://replicahq.com,Yes — subscription,PAID (some pilot/academic access),Monthly,TAZ / County / MSA,"Dashboard / CSV | Specific Fields: Origin-destination flows, mode split, trip purpose, income-segmented flows",,,BUILD_RAW_API,Trade Area Layer | Cross-Verifiable With: SafeGraph; CTPP | Notes / Gotchas: Replica uses synthetic population models. Academic partnerships vary. Not consistently free — check with sales for academic discount or pilot program.,"Free & Freemium US Migration, Demographics & Labor Data Sources — MSA ZIP Intelligence Map for CRE Terminal.md; US Retail Pulse & Office Return-to-Work  Free Data Source Master Map (2024–2026).md","Free & Freemium US Migration, Demographics & Labor Data Sources — MSA ZIP Intelligence Map for CRE Terminal.md@line 139 || US Retail Pulse & Office Return-to-Work  Free Data Source Master Map (2024–2026).md@line 36",REVIEW,"Free & Freemium US Migration, Demographics & Labor Data Sources — MSA ZIP Intelligence Map for CRE Terminal.md; US Retail Pulse & Office Return-to-Work  Free Data Source Master Map (2024–2026).md",2
KBRA CMBS Trend Watch (Monthly),RSS_FEED,,capital_markets,https://www.kbra.com/publications/,Free KBRA account,Free (public research); analytics platform = paid[^19][^20][^21],Monthly[^14][^15],Deal-level / National,"PDF | Specific Fields Returned: Annual CMBS issuance vs prior year, conduit vs SASB vs agency mix, rate environment commentary, upcoming maturity wall estimates[^35]",,,BUILD_RAW_API,"CMBS Watchlist Ticker | Cross-Verifiable With: Trepp, CRED iQ | Notes: KBRA CMBS distress rate ended 2024 at 9.3%, rising to 10.6% by end-2025[^15]. Free monthly PDFs are the most granular public sector-level data. Example: August 2025 showed delinquency at 7.9% ($26.1B), distress at 10.6% ($35B)[^16]. RSS via https://www.kbra.com/feed/publications/rss. Critical CMBS source.",Free & Freemium US Tenant Distress + CMBS Loan Watchlist Data Source Map.md; US CRE Capital Markets & CMBS Free Data Source Map — Terminal Intelligence Stack.md; US CRE Intelligence Terminal  Complete Free Data Source Catalog.md,Free & Freemium US Tenant Distress + CMBS Loan Watchlist Data Source Map.md@line 26 || US CRE Capital Markets & CMBS Free Data Source Map — Terminal Intelligence Stack.md@line 34 || US CRE Intelligence Terminal  Complete Free Data Source Catalog.md@line 23,REVIEW,Free & Freemium US Tenant Distress + CMBS Loan Watchlist Data Source Map.md; US CRE Capital Markets & CMBS Free Data Source Map — Terminal Intelligence Stack.md; US CRE Intelligence Terminal  Complete Free Data Source Catalog.md,3
SEC EDGAR ABS-EE Asset-Level CMBS Data,BULK_DOWNLOAD,,housing_re,https://data.sec.gov/submissions/CIK##########.json,No (User-Agent required),Free,Per offering (at issuance + ongoing),,"XML (Schedule AL schema) | Specific Fields Returned: Loan ID, property type, UPB, origination date, LTV, DSCR, occupancy, payment status, servicer name",,,BUILD_RAW_API,"CMBS Deal Analytics / Loan-Level Drill-Down | #: 2 | Cross-Verifiable With: KBRA presales, Trepp deal-level | Notes / Gotchas: ABS-EE EX-102 exhibits contain Schedule AL. Use https://www.sec.gov/cgi-bin/browse-edgar?action=getcompany&type=ABS-EE&dateb=&owner=include&count=40 to list filers. XML schema documented at SEC.gov[^6][^7].",Free & Freemium US Tenant Distress + CMBS Loan Watchlist Data Source Map.md; US CRE Capital Markets & CMBS Free Data Source Map — Terminal Intelligence Stack.md,Free & Freemium US Tenant Distress + CMBS Loan Watchlist Data Source Map.md@line 57 || US CRE Capital Markets & CMBS Free Data Source Map — Terminal Intelligence Stack.md@line 20,REVIEW,Free & Freemium US Tenant Distress + CMBS Loan Watchlist Data Source Map.md; US CRE Capital Markets & CMBS Free Data Source Map — Terminal Intelligence Stack.md,2
FDIC BankFind Suite API,SCRAPE_TARGET,,capital_markets,https://banks.data.fdic.gov/api/financials?filters=REPDTE%3A20241231%20AND%20CREACR%3A[0.25+TO+*,None[^38],Free,Quarterly (Call Report data)[^38],,"JSON | Specific Fields Returned: CRE loans (LNRENRES = non-residential CRE), construction/land (LNRECONS), CRE delinquency, charge-offs, total assets, Tier 1 capital[^17][^18]",,,BUILD_RAW_API,"CRE Loan Risk Gauge | Cross-Verifiable With: FFIEC CDR, Fed H.8 | Notes: CREACR = CRE concentration ratio. Failed bank list: https://banks.data.fdic.gov/api/failures?fields=NAME,FAILDATE,CERT,SAVR,RESTYPE,CHARTER,COST,QBFASSET&sort_by=FAILDATE&sort_order=DESC&output=json. Filters support Elasticsearch syntax[^38]. No API key needed. Primary endpoint for bank-level CRE exposure surveillance.",Free & Freemium US Tenant Distress + CMBS Loan Watchlist Data Source Map.md; US CRE Capital Markets & CMBS Free Data Source Map — Terminal Intelligence Stack.md,Free & Freemium US Tenant Distress + CMBS Loan Watchlist Data Source Map.md@line 67 || US CRE Capital Markets & CMBS Free Data Source Map — Terminal Intelligence Stack.md@line 27,REVIEW,Free & Freemium US Tenant Distress + CMBS Loan Watchlist Data Source Map.md; US CRE Capital Markets & CMBS Free Data Source Map — Terminal Intelligence Stack.md,2
FFIEC CDR Bulk Call Report Download,BULK_DOWNLOAD,,capital_markets,https://cdr.ffiec.gov/public/PWS/DownloadBulkData.aspx,Free CDR account for SOAP API,Free,Quarterly[^39],,"XBRL / Excel ZIP | Specific Fields Returned: Full schedule RC/RC-C/RC-N for every FDIC-insured institution: CRE loans by type, past-due buckets, nonaccrual, OREO, allowances[^20][^21]",,,BUILD_RAW_API,"CRE Loan Risk Gauge | Cross-Verifiable With: FDIC BankFind, FRED | Notes: Python connector ffiec_data_connect wraps the SOAP API[^40]: pip install ffiec-data-connect. Schedule: Q4 2025 data released ~March 2026. Key MDRM codes: RCON1480 (CRE non-farm, non-residential), RCON3584 (past-due 30–89 days), RCON3585 (90+ days or nonaccrual).",Free & Freemium US Tenant Distress + CMBS Loan Watchlist Data Source Map.md; US CRE Capital Markets & CMBS Free Data Source Map — Terminal Intelligence Stack.md,Free & Freemium US Tenant Distress + CMBS Loan Watchlist Data Source Map.md@line 68 || US CRE Capital Markets & CMBS Free Data Source Map — Terminal Intelligence Stack.md@line 28,REVIEW,Free & Freemium US Tenant Distress + CMBS Loan Watchlist Data Source Map.md; US CRE Capital Markets & CMBS Free Data Source Map — Terminal Intelligence Stack.md,2
Placer.ai Free City/Retail Reports,RSS_FEED,,economic,https://www.placer.ai/anchor/articles/,None for blog,FREE (PRESS blog),Monthly (Office Index)[^60],"MSA, chain, property level (narrative only)","HTML blog | Specific Fields: Visit counts (indexed), dwell time, trade area, YoY comparison, cross-shopping[^6]",,,BUILD_RAW_API,"Occupancy Trend Gauge | Cross-Verifiable With: Advan, SafeGraph | Notes: March 2024: nationwide office visits 32.7% below 2019; Miami gap 14.1%; SF gap ~50%[^60]. Free Placer.ai blog publishes monthly office and retail indices. Full API (for property-level data) requires paid subscription.",Free & Freemium US Tenant Distress + CMBS Loan Watchlist Data Source Map.md; US Retail Pulse & Office Return-to-Work  Free Data Source Master Map (2024–2026).md,Free & Freemium US Tenant Distress + CMBS Loan Watchlist Data Source Map.md@line 89 || US Retail Pulse & Office Return-to-Work  Free Data Source Master Map (2024–2026).md@line 31,REVIEW,Free & Freemium US Tenant Distress + CMBS Loan Watchlist Data Source Map.md; US Retail Pulse & Office Return-to-Work  Free Data Source Master Map (2024–2026).md,2
Census Building Permits Survey — New Construction as Future Supply,RAW_API,,demographic,https://www.census.gov/permits,Optional API key,Free,Monthly (released ~17th workday of following month)[^29],"National, state, CBSA (MSA), county, place (city)[^29][^30]","CSV / Excel / JSON | Specific Fields Returned: Permit counts by type (1-unit, 2-unit, 3-4 unit, 5+ unit), authorized, started, completed; by geography[^65]",,,BUILD_RAW_API,"Permit pipeline sparkline | CRE Relevance: Multifamily permit pulls (5+ unit) are the primary leading indicator for apartment supply additions 12–18 months forward[^58][^59] | Indicator: Census Building Permits Survey (BPS) | Series ID / Slug: PERMIT, PERMIT1 (single-family), PERMIT5 (5+ units); BLS series CUUR0000SAH1 shelter cross-ref | Cadence & Release Time (ET): Monthly: ~3rd week (joint release with Housing Starts), 8:30 AM | Lag from Period-End: ~3 weeks","Free & Low-Cost CRE Market Intelligence Data Sources.md; US Macro & Sentiment Indicator Layer — CRE Intelligence Terminal (1).md; US Macro & Sentiment Indicator Layer — CRE Intelligence Terminal.md; US Zoning, Entitlement & Parcel Data  Free Freemium Source Map for CRE Intelligence Terminals.md","Free & Low-Cost CRE Market Intelligence Data Sources.md@line 229: B14. Census Building Permits Survey — New Construction as Future Supply || US Macro & Sentiment Indicator Layer — CRE Intelligence Terminal (1).md@line 82 || US Macro & Sentiment Indicator Layer — CRE Intelligence Terminal.md@line 82 || US Zoning, Entitlement & Parcel Data  Free Freemium Source Map for CRE Intelligence Terminals.md@line 51",REVIEW,"Free & Low-Cost CRE Market Intelligence Data Sources.md; US Macro & Sentiment Indicator Layer — CRE Intelligence Terminal (1).md; US Macro & Sentiment Indicator Layer — CRE Intelligence Terminal.md; US Zoning, Entitlement & Parcel Data  Free Freemium Source Map for CRE Intelligence Terminals.md",4
Bank CRE Concentration Data,RAW_API,BankRegData,capital_markets,https://www.bankregdata.com,,Free/Low,,Institution level (every FDIC-insured bank),CSV export (requires paid subscription after free trial),,,BUILD_RAW_API,"What It Does: FDIC call reports, CRE concentration ratios. Flags banks with CRE/Tier 1 above 300% as motivated NPL sellers. | Key Features: \- FDIC call report analysis for every US bank \- CRE concentration ratio vs Tier 1 capital \- Quarterly trend tracking of bank stress metrics \- Identification of over-concentrated lenders \- NPL ratio tracking by institution \- Bank-by-bank CRE exposure breakdown",Free & Low-Cost CRE Market Intelligence Data Sources.md; Terminal_Master_Tool_Intelligence_Inventory.md; Terminal_Master_Tool_Inventory (2).md; Terminal_Research_Prompts_May2026.md,Free & Low-Cost CRE Market Intelligence Data Sources.md@line 306: D20. Bank CRE Concentration Data || Terminal_Master_Tool_Intelligence_Inventory.md@line 60 || Terminal_Master_Tool_Inventory (2).md@line 55: 3\. BankRegData || Terminal_Research_Prompts_May2026.md@SEARCH 2 line 369,REVIEW,Free & Low-Cost CRE Market Intelligence Data Sources.md; Terminal_Master_Tool_Intelligence_Inventory.md; Terminal_Master_Tool_Inventory (2).md; Terminal_Research_Prompts_May2026.md,4
SWFI — Free News + Sovereign Wealth Transactions,RAW_API,,demographic,https://www.swfinstitute.org,None for free news; API key for paid REST API[^139],Freemium (SWFI has some free news),Irregular press/SWFI alerts,"Global SWFs, pensions, endowments; US CRE deal tracking","Web (free); JSON API (paid) | Specific Fields Returned: Transaction headlines with fund name, asset, geography, deal size (when disclosed); fund AUM; executive moves[^141][^142]",,,BUILD_RAW_API,"SWF Transaction Feed tile | Cross-Verifiable With: PERE, annual reports | Notes / Gotchas: Highest-leverage free SWF tracker. SWFI free news tracks deal announcements for ADIA, GIC, QIA, KIA, Temasek, PIF, etc. Paid API provides structured JSON feed with 10K+ data points. Free tier sufficient for daily monitoring of SWF US CRE activity.",Global Institutional Capital Flows Into US CRE  Free & Freemium Data Source Map (2024–2026).md,Global Institutional Capital Flows Into US CRE  Free & Freemium Data Source Map (2024–2026).md@line 44 || Global Institutional Capital Flows Into US CRE  Free & Freemium Data Source Map (2024–2026).md@line 90,REVIEW,Global Institutional Capital Flows Into US CRE  Free & Freemium Data Source Map (2024–2026).md,2
JLL — Global Capital Flows Report,RAW_API,,housing_re,https://www.us.jll.com/en/trends-and-insights/research,Email registration,Free (registration),Quarterly capital tracker; annual outlook[^117],Global + US; regional capital trackers by quarter,PDF | Specific Fields Returned: Investment volume by region and property type; cross-border capital flow estimates; cap rate benchmarks[^118],,,BUILD_RAW_API,"JLL Capital Flows tile | Cross-Verifiable With: MSCI RCA, CBRE | Notes / Gotchas: Gotcha: JLL's free Global Capital Outlook (annual) is less granular than RCA on LP-level flows. Quarterly Asia Pacific Capital Tracker is particularly useful for APAC SWF/pension signal. JLL 2025 Global CRE Tech Survey: 92% of CRE firms running AI pilots[^119].",Global Institutional Capital Flows Into US CRE  Free & Freemium Data Source Map (2024–2026).md; US Commercial Construction Pipeline & Cost Data  Bloomberg-Terminal Source Map.md,Global Institutional Capital Flows Into US CRE  Free & Freemium Data Source Map (2024–2026).md@line 81 || US Commercial Construction Pipeline & Cost Data  Bloomberg-Terminal Source Map.md@line 111,REVIEW,Global Institutional Capital Flows Into US CRE  Free & Freemium Data Source Map (2024–2026).md; US Commercial Construction Pipeline & Cost Data  Bloomberg-Terminal Source Map.md,2
CMS Provider Data Catalog — Hospital General Information,RAW_API,,demographic,https://data.cms.gov/provider-data/dataset/xubh-q36u,None,Free[^90],Quarterly,"Facility-level (ZIP, city, county, state)","JSON, CSV | Specific Fields: Hospital name, address, phone, hospital type, ownership, emergency services, CMS certification #, overall rating, mortality/readmission/safety scores",,,BUILD_RAW_API,"MOB Map → Anchor Tenant Density | Cross-Verifiable With: EDGAR REIT 10-Q tenant lists, CoStar address matching | Notes / Gotchas: Cross-ref CMS Certification # with EDGAR leases to validate anchor tenants in MOB assets",healthcare-cre-datasources.md; US CRE Intelligence Terminal  Demand-Signal Data Source Directory.md,healthcare-cre-datasources.md@line 10 || US CRE Intelligence Terminal  Demand-Signal Data Source Directory.md@line 95,REVIEW,healthcare-cre-datasources.md; US CRE Intelligence Terminal  Demand-Signal Data Source Directory.md,2
Cushman & Wakefield Industrial Snapshot,RAW_API,,housing_re,https://www.cushmanwakefield.com/en/united-states/insights,Free registration,Free (registration),Quarterly,National + 40+ US markets,"PDF | Fields / What's Free: Under construction SF, deliveries, vacancy, absorption",,,BUILD_RAW_API,All Pipeline Tiles | Notes: MarketBeat reports for each city + asset class available quarterly.,Industrial & Logistics CRE Demand-Signal Intelligence Layer  Free Endpoint-Grade Data Sources.md; US Commercial Construction Pipeline & Cost Data  Bloomberg-Terminal Source Map.md,Industrial & Logistics CRE Demand-Signal Intelligence Layer  Free Endpoint-Grade Data Sources.md@line 92 || US Commercial Construction Pipeline & Cost Data  Bloomberg-Terminal Source Map.md@line 114,REVIEW,Industrial & Logistics CRE Demand-Signal Intelligence Layer  Free Endpoint-Grade Data Sources.md; US Commercial Construction Pipeline & Cost Data  Bloomberg-Terminal Source Map.md,2
Florida OIR IRFS Rate Filing Search,RAW_API,,demographic,https://irfssearch.floir.gov,None,Fully free[^92],Real-time as filed; 2001–present,State (FL only); ZIP-level data required monthly per HB1611 as of Jan 2025[^2],"HTML/PDF; ZIP download | Specific Fields Returned: File log #, company name, effective date, rate change %, product name, disposition, trade secret flags[^17]",,"No API; manual search; 2,500 match max per query[^17]",BUILD_RAW_API,"Rate Filing Trajectory; Carrier Action Alert | Cross-Verifiable With: SERFF SFA, Citizens policy count | Notes / Gotchas: Critical unfair-advantage source. FL OIR IRFS is separate from SERFF. HB1611 (2025) now requires monthly ZIP-code-level supplemental data from all FL admitted carriers[^2].",Insurance Shock Intelligence Stack  Complete Free & Freemium Data Source Map for US Property Insurance Risk (2024–2026).md; US CRE Intelligence Terminal  Complete Free Data Source Catalog.md,Insurance Shock Intelligence Stack  Complete Free & Freemium Data Source Map for US Property Insurance Risk (2024–2026).md@line 41 || US CRE Intelligence Terminal  Complete Free Data Source Catalog.md@line 100,REVIEW,Insurance Shock Intelligence Stack  Complete Free & Freemium Data Source Map for US Property Insurance Risk (2024–2026).md; US CRE Intelligence Terminal  Complete Free Data Source Catalog.md,2
Florida Citizens Policy Count & Depopulation,RAW_API,,demographic,https://www.citizensfla.com/,None,Fully free[^93][^94][^95][^96],Monthly,State; aggregate,"PDF / Press release | Specific Fields Returned: Policy count by line, depopulation assumptions count, assuming carrier names[^3]",,Unlimited,BUILD_RAW_API,"Citizens Exposure tile; Depopulation Velocity tracker | Cross-Verifiable With: FL OIR approvals, IRFS | Notes / Gotchas: Policy count hit 987,650 as of Nov 2024[^3]. Citizens rate filing history: +11% 2022, +12% 2023, +13% 2024, +14% proposed 2025[^1].",Insurance Shock Intelligence Stack  Complete Free & Freemium Data Source Map for US Property Insurance Risk (2024–2026).md; US CRE Intelligence Terminal  Complete Free Data Source Catalog.md,Insurance Shock Intelligence Stack  Complete Free & Freemium Data Source Map for US Property Insurance Risk (2024–2026).md@line 43 || Insurance Shock Intelligence Stack  Complete Free & Freemium Data Source Map for US Property Insurance Risk (2024–2026).md@line 134 || US CRE Intelligence Terminal  Complete Free Data Source Catalog.md@line 102,REVIEW,Insurance Shock Intelligence Stack  Complete Free & Freemium Data Source Map for US Property Insurance Risk (2024–2026).md; US CRE Intelligence Terminal  Complete Free Data Source Catalog.md,3
TWIA Exposure Reports & Annual Reports,RAW_API,,hazard_environmental,https://www.twia.org/,None,Fully free[^97][^98][^99][^100],Quarterly Fact Book; Annual Report,County (coastal TDI-designated),"PDF | Specific Fields Returned: Policy count, exposure ($), PML by county, reinsurance budget, rate filing status[^29][^30][^31]",,Unlimited,BUILD_RAW_API,"TWIA Exposure tile; Coastal TX NOI Risk | Cross-Verifiable With: TDI rate filings | Notes / Gotchas: Highest-leverage source for TX coastal CRE. TWIA had $117.2B in exposure across 276,220 policies as of Q1 2025[^4]. Reinsurance budget up 22% to $485M for 2025[^32]. Q3 2025 Fact Book available at twia.org.",Insurance Shock Intelligence Stack  Complete Free & Freemium Data Source Map for US Property Insurance Risk (2024–2026).md; US CRE Intelligence Terminal  Complete Free Data Source Catalog.md,Insurance Shock Intelligence Stack  Complete Free & Freemium Data Source Map for US Property Insurance Risk (2024–2026).md@line 51 || US CRE Intelligence Terminal  Complete Free Data Source Catalog.md@line 105,REVIEW,Insurance Shock Intelligence Stack  Complete Free & Freemium Data Source Map for US Property Insurance Risk (2024–2026).md; US CRE Intelligence Terminal  Complete Free Data Source Catalog.md,2
NOAA NCEI Billion-Dollar Disasters,RAW_API,,hazard_environmental,https://www.ncei.noaa.gov/access/billions/,None,Free (static archive 1980–2024),RETIRED as of 2025 — static archive only[^7],National; state summary,"Web/CSV download | Specific Fields: Event count, type, cost ($B CPI-adjusted), fatality count by state[^56]",,Unlimited,BUILD_RAW_API,#: 16 | Cadence: Archived (ceased May 2025) | Map Layer / Alert Ticker: Historical catastrophe loss overlay,Insurance Shock Intelligence Stack  Complete Free & Freemium Data Source Map for US Property Insurance Risk (2024–2026).md; US CRE Intelligence Terminal  Complete Free Data Source Catalog.md,Insurance Shock Intelligence Stack  Complete Free & Freemium Data Source Map for US Property Insurance Risk (2024–2026).md@line 100 || US CRE Intelligence Terminal  Complete Free Data Source Catalog.md@line 42,REVIEW,Insurance Shock Intelligence Stack  Complete Free & Freemium Data Source Map for US Property Insurance Risk (2024–2026).md; US CRE Intelligence Terminal  Complete Free Data Source Catalog.md,2
FEMA National Flood Hazard Layer (NFHL),RAW_API,,hazard_environmental,https://msc.fema.gov/portal/search,None for search,Free,Updated per community remap (years-long cycle),Parcel/flood zone,"Shapefile / PDF / API | Specific Fields: Flood zone designation (AE, X, VE, etc.), base flood elevation, FIRM panel ID[^64]",,Unlimited,BUILD_RAW_API,"SFHA Overlay tile | Cross-Verify: NFIP policies, First Street flood risk | Notes: WFS endpoint allows GIS integration. NFHL is the regulatory layer; First Street is the probabilistic risk layer — use both.",Insurance Shock Intelligence Stack  Complete Free & Freemium Data Source Map for US Property Insurance Risk (2024–2026).md,Insurance Shock Intelligence Stack  Complete Free & Freemium Data Source Map for US Property Insurance Risk (2024–2026).md@line 104 || Insurance Shock Intelligence Stack  Complete Free & Freemium Data Source Map for US Property Insurance Risk (2024–2026).md@line 125,REVIEW,Insurance Shock Intelligence Stack  Complete Free & Freemium Data Source Map for US Property Insurance Risk (2024–2026).md,2
NASA FIRMS Active Fire Feed,RSS_FEED,,hazard_environmental,https://firms.modaps.eosdis.nasa.gov/api/area/csv/[MAP_KEY,Free MAP_KEY signup at https://firms.modaps.eosdis.nasa.gov/api/map_key,Fully free (MAP_KEY)[^64][^65][^66][^67],Near real-time (~60 sec post-overpass)[^66],375m–1km pixel; lat/lon per detection,"CSV / KML / JSON | Specific Fields: Lat/lon of fire hotspot, brightness temp, detection confidence (0–100%), satellite, acquisition date/time[^66][^67]",,MAP_KEY; 10-minute window reset[^66],BUILD_RAW_API,#: 22b | Cadence: Near real-time (within 3 hrs globally; real-time for US/Canada) | Map Layer / Alert Ticker: Active fire hotspot live layer; thermal anomaly ticker,Insurance Shock Intelligence Stack  Complete Free & Freemium Data Source Map for US Property Insurance Risk (2024–2026).md; US CRE Intelligence Terminal  Complete Free Data Source Catalog.md,Insurance Shock Intelligence Stack  Complete Free & Freemium Data Source Map for US Property Insurance Risk (2024–2026).md@line 105 || US CRE Intelligence Terminal  Complete Free Data Source Catalog.md@line 56,REVIEW,Insurance Shock Intelligence Stack  Complete Free & Freemium Data Source Map for US Property Insurance Risk (2024–2026).md; US CRE Intelligence Terminal  Complete Free Data Source Catalog.md,2
USDA InciWeb Wildfire Incidents (RSS),RSS_FEED,,hazard_environmental,https://inciweb.wildfire.gov/,None,Fully free[^62][^63],Real-time (active incidents),State / incident polygon,"RSS / Web / GeoJSON | Specific Fields: Incident name, location, acres, % contained, structures threatened, evacuation notices[^68][^69]",,Unlimited,BUILD_RAW_API,#: 22a | Cadence: Real-time | Map Layer / Alert Ticker: Active incident marker layer; new incident alert ticker,Insurance Shock Intelligence Stack  Complete Free & Freemium Data Source Map for US Property Insurance Risk (2024–2026).md; US CRE Intelligence Terminal  Complete Free Data Source Catalog.md,Insurance Shock Intelligence Stack  Complete Free & Freemium Data Source Map for US Property Insurance Risk (2024–2026).md@line 106 || US CRE Intelligence Terminal  Complete Free Data Source Catalog.md@line 55,REVIEW,Insurance Shock Intelligence Stack  Complete Free & Freemium Data Source Map for US Property Insurance Risk (2024–2026).md; US CRE Intelligence Terminal  Complete Free Data Source Catalog.md,2
Frankfurter v2 (ECB-backed),RAW_API,,infrastructure,https://api.frankfurter.dev/v2/rates?base=USD&symbols=ILS,None[^1],Unlimited (rate-limited to prevent abuse; no monthly cap)[^1],Daily business days,,JSON,,,BUILD_RAW_API,"USD/ILS, USD/EUR, USD/GBP tiles | RT vs Delayed: EOD — ECB publishes ~16:00 CET daily[^2] | Commercial Redist.: No — ECB reference data; non-commercial redistribution only[^1]",Israeli Financial Data Engine — Source Reference for US CRE Intelligence Terminal.md; RePrime Terminal — Global Capital Context Bridge Layer  Free API Source Book.md,Israeli Financial Data Engine — Source Reference for US CRE Intelligence Terminal.md@line 19 || RePrime Terminal — Global Capital Context Bridge Layer  Free API Source Book.md@line 20,REVIEW,Israeli Financial Data Engine — Source Reference for US CRE Intelligence Terminal.md; RePrime Terminal — Global Capital Context Bridge Layer  Free API Source Book.md,2
ExchangeRate-API free,RAW_API,,infrastructure,https://v6.exchangerate-api.com/v6/{KEY}/latest/USD,API key (free signup),"1,500 req/month; base must be USD on free tier[^6]",Daily,,JSON,,,BUILD_RAW_API,"USD/ILS cross-check | English: Y | Cadence: Hourly on free plan | Latency: ~1 hr | License: Free: 1,500 req/month; base must be EUR on free tier[^3]",Israeli Financial Data Engine — Source Reference for US CRE Intelligence Terminal.md; RePrime Terminal — Global Capital Context Bridge Layer  Free API Source Book.md,Israeli Financial Data Engine — Source Reference for US CRE Intelligence Terminal.md@line 21 || RePrime Terminal — Global Capital Context Bridge Layer  Free API Source Book.md@line 23,REVIEW,Israeli Financial Data Engine — Source Reference for US CRE Intelligence Terminal.md; RePrime Terminal — Global Capital Context Bridge Layer  Free API Source Book.md,2
CBS API — Construction Cost Index (Madad Tashomet HaBniya),RAW_API,,construction_pipeline,https://api.cbs.gov.il/index/data/price?id=120010&format=json,None,,,,JSON/XML,,,BUILD_RAW_API,"CPI YoY % tile | English: Y | Cadence: Monthly, 15th of month ~18:30 | Latency: Minutes after pub | License: CBS open data[^20][^21]",Israeli Financial Data Engine — Source Reference for US CRE Intelligence Terminal.md,Israeli Financial Data Engine — Source Reference for US CRE Intelligence Terminal.md@line 81 || Israeli Financial Data Engine — Source Reference for US CRE Intelligence Terminal.md@line 82 || Israeli Financial Data Engine — Source Reference for US CRE Intelligence Terminal.md@line 83 || Israeli Financial Data Engine — Source Reference for US CRE Intelligence Terminal.md@line 84,REVIEW,Israeli Financial Data Engine — Source Reference for US CRE Intelligence Terminal.md,4
microsoft/GlobalMLBuildingFootprints,RAW_API,,infrastructure,https://github.com/microsoft/GlobalMLBuildingFootprints/,None,Fully free (ODbL)[^105][^106][^107][^108],2026-05-22,Building / Parcel,GeoJSON / Parquet / SHP,,,BUILD_RAW_API,"Building footprint layer; parcel density map | Stars: 1,871 | Language: Python | License: ODbL | One-Line Description: Worldwide building footprints from satellite ML | Production-Readiness: Active",Open-Source GitHub Arsenal for a US CRE Intelligence Terminal.md; US CRE Intelligence Terminal  Complete Free Data Source Catalog.md,Open-Source GitHub Arsenal for a US CRE Intelligence Terminal.md@line 49 || US CRE Intelligence Terminal  Complete Free Data Source Catalog.md@line 121,REVIEW,Open-Source GitHub Arsenal for a US CRE Intelligence Terminal.md; US CRE Intelligence Terminal  Complete Free Data Source Catalog.md,2
ERCOT Real-Time LMP (Settlement Points),RAW_API,,demographic,http://mis.nyiso.com/public/,Account for MIS portal,Free,5-minute / hourly,Load zone (8 zones) + hub prices,"CSV/JSON | Specific Fields Returned: Settlement point price ($/MWh), real-time, day-ahead",,,BUILD_RAW_API,"""Texas Spot Price"" tile | Cross-Verifiable With: FERC EQR (for bilateral contracts) | Notes / Gotchas: ERCOT uses zonal (not nodal) pricing; congestion less visible at node level[^21]",Power-Constrained Markets & Data-Center Site Selection  Exhaustive Free Freemium Data Source Map for US CRE Intelligence Terminal.md,Power-Constrained Markets & Data-Center Site Selection  Exhaustive Free Freemium Data Source Map for US CRE Intelligence Terminal.md@line 83 || Power-Constrained Markets & Data-Center Site Selection  Exhaustive Free Freemium Data Source Map for US CRE Intelligence Terminal.md@line 113,REVIEW,Power-Constrained Markets & Data-Center Site Selection  Exhaustive Free Freemium Data Source Map for US CRE Intelligence Terminal.md,2
Good Jobs First — Subsidy Tracker,SCRAPE_TARGET,,economic,https://subsidytracker.goodjobsfirst.org,None,Free,Continuous (program-dependent); quarterly major updates,"State, county, city, recipient company","HTML table + CSV download | Specific Fields: Company, parent, state, program name, subsidy type, $ value, year, jobs promised, jobs verified, clawback flag",,,BUILD_RAW_API,"Subsidy Capture Feed + Megadeal Alert | #: 1 | Cross-Verifiable With: Good Jobs First Tax Break Tracker (#2); state EDC portals (#15) | Notes / Gotchas: No formal REST API; data via web scrape or CSV export. Megadeal threshold raised to $100M in Jan 2024[^2]. Covers >1,000 programs from state/local/federal sources[^3]. FOIA supplement for non-disclosed deals[^4].",Power-Constrained Markets & Data-Center Site Selection  Exhaustive Free Freemium Data Source Map for US CRE Intelligence Terminal.md; US Economic Development Incentives  Free & Freemium Data Source Map.md,Power-Constrained Markets & Data-Center Site Selection  Exhaustive Free Freemium Data Source Map for US CRE Intelligence Terminal.md@line 170 || US Economic Development Incentives  Free & Freemium Data Source Map.md@line 21,REVIEW,Power-Constrained Markets & Data-Center Site Selection  Exhaustive Free Freemium Data Source Map for US CRE Intelligence Terminal.md; US Economic Development Incentives  Free & Freemium Data Source Map.md,2
Yahoo Finance (unofficial) — FX,RAW_API,,infrastructure,https://query1.finance.yahoo.com/v8/finance/chart/ILS=X?interval=1d&range=5d,None (crumb/cookie sometimes required)[^9],"Throttled (no official limit — informal ~2,000 req/day before 429)[^9][^10]",~15 min,,JSON,,,BUILD_RAW_API,USD/ILS live tile (primary unofficial source) | RT vs Delayed: ~15 min delayed[^11] | Commercial Redist.: No — ToS prohibits redistribution[^10],RePrime Terminal — Global Capital Context Bridge Layer  Free API Source Book.md,RePrime Terminal — Global Capital Context Bridge Layer  Free API Source Book.md@line 26 || RePrime Terminal — Global Capital Context Bridge Layer  Free API Source Book.md@line 27,REVIEW,RePrime Terminal — Global Capital Context Bridge Layer  Free API Source Book.md,2
Stooq free CSV — USD/ILS,RAW_API,,macro_indicator,https://stooq.com/q/d/l/?s={ticker}&i=d,None,"Unofficial, no stated limit; polite use ~100–500/day[^12][^13]",EOD,,CSV,,,BUILD_RAW_API,"Free Limit: No stated limit; informal ~200–500/day[^13] | RT vs Delayed: EOD | US Equity: ✅ | Israeli Equity: Limited | ETF: ✅ | REIT Coverage: ✅ | Notes: Good for S&P 500 (^spx), Nasdaq (^ndq); EOD only",RePrime Terminal — Global Capital Context Bridge Layer  Free API Source Book.md,RePrime Terminal — Global Capital Context Bridge Layer  Free API Source Book.md@line 28 || RePrime Terminal — Global Capital Context Bridge Layer  Free API Source Book.md@line 41 || RePrime Terminal — Global Capital Context Bridge Layer  Free API Source Book.md@line 144,REVIEW,RePrime Terminal — Global Capital Context Bridge Layer  Free API Source Book.md,3
ATTOM Data,UNKNOWN,,zoning_parcel,https://www.attomdata.com,,$10K+/yr,,,,,,BUILD_RAW_API,"What It Does: Nationwide parcel records, deed history, ownership chain. Foundational source of truth for 155M+ properties. | Key Features: \- Property deed and mortgage records \- Ownership transfer history \- Tax assessment data nationwide \- Pre-foreclosure and default tracking \- Neighborhood-level market trends \- Property characteristics (beds, baths, sqft, lot) \- Natural hazard and environmental risk overlays \- AVM (automated valuation models) \- Bulk data delivery and streaming APIs",Terminal_Master_Tool_Intelligence_Inventory.md; Terminal_Master_Tool_Inventory (2).md; US Commercial Construction Pipeline & Cost Data  Bloomberg-Terminal Source Map.md,Terminal_Master_Tool_Intelligence_Inventory.md@line 75 || Terminal_Master_Tool_Inventory (2).md@line 144: 1\. ATTOM Data || US Commercial Construction Pipeline & Cost Data  Bloomberg-Terminal Source Map.md@line 150,REVIEW,Terminal_Master_Tool_Intelligence_Inventory.md; Terminal_Master_Tool_Inventory (2).md; US Commercial Construction Pipeline & Cost Data  Bloomberg-Terminal Source Map.md,3
First Street Foundation Risk Factor,UNKNOWN,,hazard_environmental,https://firststreet.org,None for web lookup,Property-level lookup = free on website; bulk property-level API = paid; county/ZIP aggregates on Zenodo = free[^52][^53][^54][^55],,Property / ZIP / County,Web UI / CSV (aggregates free; property-level via API),,,BUILD_RAW_API,"What It Does: 30-year flood, fire, wind, heat projections. Property-level climate risk granularity. | Key Features: \- Property-level flood risk (current \+ 30-year projection) \- Wildfire risk scoring \- Wind and hurricane damage probability \- Extreme heat exposure days \- Climate-adjusted insurance cost modeling \- API for programmatic risk scoring",Terminal_Master_Tool_Intelligence_Inventory.md; Terminal_Master_Tool_Inventory (2).md; US CRE Intelligence Terminal  Complete Free Data Source Catalog.md,Terminal_Master_Tool_Intelligence_Inventory.md@line 122 || Terminal_Master_Tool_Inventory (2).md@line 575: 1\. First Street Foundation || US CRE Intelligence Terminal  Complete Free Data Source Catalog.md@line 45,REVIEW,Terminal_Master_Tool_Intelligence_Inventory.md; Terminal_Master_Tool_Inventory (2).md; US CRE Intelligence Terminal  Complete Free Data Source Catalog.md,3
DC Open Data (ArcGIS / Socrata),DATASET_PORTAL,,housing_re,https://opendata.dc.gov,None for public read,,Real-time (MAR2); periodic (zoning),,"permit_number, permit_type, sub_type, address, ward, issue_date, status, permit_value, square_feet, units",,ArcGIS REST: no limit,BUILD_RAW_API,"DC Pipeline | City: Washington DC | Free?: Free | Notes: DC uses both ArcGIS and DCGIS hub. Search opendata.dc.gov for ""Building Permits"" to get current year dataset. Annual datasets also available. [^64][^65][^66]","US Commercial Construction Pipeline & Cost Data  Bloomberg-Terminal Source Map.md; US Zoning, Entitlement & Parcel Data  Free Freemium Source Map for CRE Intelligence Terminals.md","US Commercial Construction Pipeline & Cost Data  Bloomberg-Terminal Source Map.md@line 72 || US Zoning, Entitlement & Parcel Data  Free Freemium Source Map for CRE Intelligence Terminals.md@line 71",REVIEW,"US Commercial Construction Pipeline & Cost Data  Bloomberg-Terminal Source Map.md; US Zoning, Entitlement & Parcel Data  Free Freemium Source Map for CRE Intelligence Terminals.md",2
Yardi Matrix — Multifamily Pipeline,RAW_API,,infrastructure,https://www.yardimatrix.com,None for PDFs,"Freemium (monthly summary PDF free; property-level paid ~$4,800/yr+)",Quarterly,National + top 30 MSAs,"PDF (free); JSON via paid API | Fields / What's Free: Under-construction units, completions forecast, starts forecast by MSA, yoy % change",,,BUILD_RAW_API,"RTW Supply Proxy | Cross-Verifiable With: CoStar; JLL | Notes / Gotchas: National office vacancy 18.4% as of Dec 2025 per Yardi Matrix[^5]. Quarterly lag. Useful as structural backdrop, not leading indicator.",US Commercial Construction Pipeline & Cost Data  Bloomberg-Terminal Source Map.md; US Retail Pulse & Office Return-to-Work  Free Data Source Master Map (2024–2026).md,US Commercial Construction Pipeline & Cost Data  Bloomberg-Terminal Source Map.md@line 109 || US Retail Pulse & Office Return-to-Work  Free Data Source Master Map (2024–2026).md@line 23,REVIEW,US Commercial Construction Pipeline & Cost Data  Bloomberg-Terminal Source Map.md; US Retail Pulse & Office Return-to-Work  Free Data Source Master Map (2024–2026).md,2
Mercatus Center / Furman Center Zoning Reform Tracker,RAW_API,,zoning_parcel,https://www.mercatus.org/,None,Free,"WRLURI: survey-based, 2,600+ communities[^59]",National → Metro/City,"CSV / PDF | Specific Fields Returned: Regulatory stringency index (WRLURI), approval delays, political pressure index, density restrictions index[^60][^61]",,N/A,BUILD_RAW_API,"Entitlement Friction Score Input | Cross-Verifiable With: NZA, Shovels permit data, Terner Center | Notes / Gotchas: WRLURI data is from ~2006 survey — dated but foundational for cross-metro friction benchmarking. Mercatus has newer research through 2024[^62].","US Commercial Construction Pipeline & Cost Data  Bloomberg-Terminal Source Map.md; US Zoning, Entitlement & Parcel Data  Free Freemium Source Map for CRE Intelligence Terminals.md","US Commercial Construction Pipeline & Cost Data  Bloomberg-Terminal Source Map.md@line 136 || US Zoning, Entitlement & Parcel Data  Free Freemium Source Map for CRE Intelligence Terminals.md@line 49",REVIEW,"US Commercial Construction Pipeline & Cost Data  Bloomberg-Terminal Source Map.md; US Zoning, Entitlement & Parcel Data  Free Freemium Source Map for CRE Intelligence Terminals.md",2
UrbanFootprint (Academic/Trial),RAW_API,,demographic,https://urbanfootprint.com,Paid subscription,Freemium (Academic tier for edu/research; free trial available),Quarterly data releases (Winter 2025 most recent)[^20],National → Parcel / Block / Census Tract,"Web app + API (by arrangement) | Specific Fields Returned: Land use category, parcel dimensions, building type, population, employment, parcel area, transit access score[^21][^22]",,Paid,BUILD_RAW_API,"Land Use Canvas; Site Context Tile | Cross-Verifiable With: Regrid, PLUTO, city GIS | Notes / Gotchas: ""Academic"" launched July 2024 for educators/researchers[^23]. 160M+ parcels nationwide[^21]. No documented public REST endpoint — data accessed through platform. Not suitable for real-time production API.","US Commercial Construction Pipeline & Cost Data  Bloomberg-Terminal Source Map.md; US Zoning, Entitlement & Parcel Data  Free Freemium Source Map for CRE Intelligence Terminals.md","US Commercial Construction Pipeline & Cost Data  Bloomberg-Terminal Source Map.md@line 137 || US Zoning, Entitlement & Parcel Data  Free Freemium Source Map for CRE Intelligence Terminals.md@line 19",REVIEW,"US Commercial Construction Pipeline & Cost Data  Bloomberg-Terminal Source Map.md; US Zoning, Entitlement & Parcel Data  Free Freemium Source Map for CRE Intelligence Terminals.md",2
ReZone.ai (now Shovels),RAW_API,,construction_pipeline,https://www.shovels.ai,Yes,From $599/mo,Continuous (AI-tracked meetings),65 → 250+ cities nationwide[^30],"JSON / web | Specific Fields Returned: Zoning change decisions, local gov meeting notes, approval timelines, application status",,,BUILD_RAW_API,"Rezoning Activity Feed; Entitlement History | Cross-Verifiable With: Shovels permits, city portals | Notes / Gotchas: Acquired by Shovels Jan 2026[^26]. Originally tracked zoning/land-use changes from city council meetings in 65+ cities. Now integrated into Shovels platform. Code ""ThesisDriven"" for 25% off trial[^30].","US Commercial Construction Pipeline & Cost Data  Bloomberg-Terminal Source Map.md; US Zoning, Entitlement & Parcel Data  Free Freemium Source Map for CRE Intelligence Terminals.md","US Commercial Construction Pipeline & Cost Data  Bloomberg-Terminal Source Map.md@line 145 || US Zoning, Entitlement & Parcel Data  Free Freemium Source Map for CRE Intelligence Terminals.md@line 22",REVIEW,"US Commercial Construction Pipeline & Cost Data  Bloomberg-Terminal Source Map.md; US Zoning, Entitlement & Parcel Data  Free Freemium Source Map for CRE Intelligence Terminals.md",2
Federal Reserve Beige Book,RSS_FEED,,demographic,https://www.federalreserve.gov/monetarypolicy/publications/beige-book-default.htm,NONE,Free,8x/year (6-week cadence),,"PDF + HTML | Specific Fields Returned: Qualitative CRE commentary per district: office vacancy, multifamily demand, construction pipeline, appraisal values, lending tightening, cap rate mentions[^25]",,,BUILD_RAW_API,"Qualitative text feed / event marker | CRE Relevance: Real estate section contains direct commentary on CRE conditions, rent trends, vacancy, and credit availability in each of the 12 Fed districts[^63][^64] | Indicator: Beige Book | Series ID / Slug: Full text HTML/PDF per district | Cadence & Release Time (ET): 8× per year (~2 weeks before each FOMC), 2:00 PM | Lag from Period-End: ~6 weeks of anecdotal coverage",US CRE Capital Markets & CMBS Free Data Source Map — Terminal Intelligence Stack.md; US Macro & Sentiment Indicator Layer — CRE Intelligence Terminal (1).md; US Macro & Sentiment Indicator Layer — CRE Intelligence Terminal.md,US CRE Capital Markets & CMBS Free Data Source Map — Terminal Intelligence Stack.md@line 30 || US Macro & Sentiment Indicator Layer — CRE Intelligence Terminal (1).md@line 85 || US Macro & Sentiment Indicator Layer — CRE Intelligence Terminal.md@line 85,REVIEW,US CRE Capital Markets & CMBS Free Data Source Map — Terminal Intelligence Stack.md; US Macro & Sentiment Indicator Layer — CRE Intelligence Terminal (1).md; US Macro & Sentiment Indicator Layer — CRE Intelligence Terminal.md,3
NYC ZoLa (ArcGIS REST),RAW_API,,zoning_parcel,https://zola.planning.nyc.gov,None,Fully free[^101][^102][^103],Monthly,Tax Lot / Parcel,Web UI / GeoJSON / SHP,,,BUILD_RAW_API,"City / County: New York City | Data Available: Zoning districts, overlays, special districts, DCP applications[^67][^68] | Notes: ZoLa does not return FAR/height numeric values directly — must cross-reference NYC Zoning Resolution[^17]","US CRE Intelligence Terminal  Complete Free Data Source Catalog.md; US Zoning, Entitlement & Parcel Data  Free Freemium Source Map for CRE Intelligence Terminals.md","US CRE Intelligence Terminal  Complete Free Data Source Catalog.md@line 113 || US Zoning, Entitlement & Parcel Data  Free Freemium Source Map for CRE Intelligence Terminals.md@line 62",REVIEW,"US CRE Intelligence Terminal  Complete Free Data Source Catalog.md; US Zoning, Entitlement & Parcel Data  Free Freemium Source Map for CRE Intelligence Terminals.md",2
TSA Checkpoint Passenger Throughput,SCRAPE_TARGET,,infrastructure,https://www.tsa.gov/coronavirus/passenger-throughput,None,Free — public domain[^3],Daily (updated next business day ~8am ET),National (no airport breakdown on public page),HTML table (scrape) / data.gov catalog | Specific Fields Available (Free): Daily checkpoint traveler count; same-day prior year comparison (2-year lookback); YoY %,,,BUILD_RAW_API,"Travel Demand Ticker (primary leading indicator) | #: 14 | Cross-Verifiable With: BTS airline passengers, NTTO arrivals | Notes / Gotchas: THE single highest-frequency free hospitality signal. Data published daily by TSA.gov. Use requests+pandas to scrape HTML table (direct pd.read_html returns 403; use requests workaround). data.gov catalog last checked May 2026. GitHub: mikelor/tsathroughput for historical CSV back to 2018. Airport-level data available via FOIA request only.[^39][^40][^41][^42]",US CRE Intelligence Terminal  Demand-Signal Data Source Directory.md; US Hospitality & Travel Demand  Free Freemium Data Source Map for CRE Intelligence Terminal.md,US CRE Intelligence Terminal  Demand-Signal Data Source Directory.md@line 12 || US Hospitality & Travel Demand  Free Freemium Data Source Map for CRE Intelligence Terminal.md@line 30,REVIEW,US CRE Intelligence Terminal  Demand-Signal Data Source Directory.md; US Hospitality & Travel Demand  Free Freemium Data Source Map for CRE Intelligence Terminal.md,2
Lodging Econometrics — Global Pipeline Free Summaries,RAW_API,,construction_pipeline,https://lodgingeconometrics.com,None,Free headline; Paid full dataset[^14],Quarterly,National + top-10 US cities by pipeline,HTML press release | Specific Fields Available (Free): US pipeline total by chain scale; under construction; starts in 12 months; early planning; new openings YTD; brand conversions; city leaders,,,BUILD_RAW_API,"Supply Pipeline / 24-Month Forward tile | #: 33 | Cross-Verifiable With: STR supply pipeline (paid), CBRE pipeline | Notes / Gotchas: Q1 2026 US pipeline: 6,020 projects / 705,825 rooms (-5% YoY projects, -3% YoY rooms). Phoenix: most 2026 openings forecast. Dallas: largest pipeline (184 projects). Luxury hits record 102 projects. Press releases are fully detailed at chain-scale level.[^27][^28][^29][^30][^31]",US CRE Intelligence Terminal  Demand-Signal Data Source Directory.md; US Hospitality & Travel Demand  Free Freemium Data Source Map for CRE Intelligence Terminal.md,US CRE Intelligence Terminal  Demand-Signal Data Source Directory.md@line 16 || US Hospitality & Travel Demand  Free Freemium Data Source Map for CRE Intelligence Terminal.md@line 49,REVIEW,US CRE Intelligence Terminal  Demand-Signal Data Source Directory.md; US Hospitality & Travel Demand  Free Freemium Data Source Map for CRE Intelligence Terminal.md,2
US Travel Association Weekly Forecast,RAW_API,,infrastructure,https://www.ustravel.org/research,None,FREE (PRESS/PDF),Monthly + occasional weekly,National,PDF/HTML | Specific Fields: Travel intent surveys; spending forecasts; international visitor counts,,,BUILD_RAW_API,Travel Demand Ticker | Cross-Verifiable With: TSA throughput; STR | Notes / Gotchas: Free monthly press releases and reports. Tracks broader travel ecosystem including business travel (office RTW proxy).,US CRE Intelligence Terminal  Demand-Signal Data Source Directory.md; US Retail Pulse & Office Return-to-Work  Free Data Source Master Map (2024–2026).md,US CRE Intelligence Terminal  Demand-Signal Data Source Directory.md@line 17 || US Retail Pulse & Office Return-to-Work  Free Data Source Master Map (2024–2026).md@line 80,REVIEW,US CRE Intelligence Terminal  Demand-Signal Data Source Directory.md; US Retail Pulse & Office Return-to-Work  Free Data Source Master Map (2024–2026).md,2
BTS TranStats — T-100 Domestic & International Segment,SCRAPE_TARGET,,insurance_climate,https://www.transtats.bts.gov/Tables.asp?QO_VQ=EEE,None,Free — public domain[^18],Monthly (2-month lag),"Airport-to-airport, carrier-level[^16]","CSV download (manual or scripted) | Specific Fields Available (Free): Passengers, freight, mail by carrier/origin/destination/service class; departures performed; available seats; load factor (calculated)",,,BUILD_RAW_API,"Air Demand by MSA tile | #: 15 | Cross-Verifiable With: TSA daily, NTTO I-94, DB1B | Notes / Gotchas: Latest available: February 2026 as of May 2026. T-100 Domestic + International combined available. DB1B (10% ticket sample) available quarterly at transtats.bts.gov/TableInfo.asp?DB_ID=125. No API—download via web form; can be automated with requests POST to download URL.[^43][^44][^45][^46][^47]",US CRE Intelligence Terminal  Demand-Signal Data Source Directory.md; US Hospitality & Travel Demand  Free Freemium Data Source Map for CRE Intelligence Terminal.md,US CRE Intelligence Terminal  Demand-Signal Data Source Directory.md@line 18 || US Hospitality & Travel Demand  Free Freemium Data Source Map for CRE Intelligence Terminal.md@line 31,REVIEW,US CRE Intelligence Terminal  Demand-Signal Data Source Directory.md; US Hospitality & Travel Demand  Free Freemium Data Source Map for CRE Intelligence Terminal.md,2
Census MARTS (Advance Monthly Retail Trade Survey),RAW_API,,demographic,https://api.census.gov/data/timeseries/eits/marts?get=cell_value,Census API key (free at api.census.gov/signup),Free — public domain[^25][^23],Monthly (advance ~2 weeks after month-end),National; 13 NAICS retail categories,"JSON API[^31][^32] | Specific Fields: Total retail & food service sales; SA and unadjusted; by NAICS (grocery, clothing, auto, non-store, etc.)",,,BUILD_RAW_API,"Structural Retail Benchmark | Cross-Verifiable With: BofA Institute; FRED RSXFS | Notes / Gotchas: Core benchmark. April 2026 advance: $757.1B total, +0.5% MoM, +4.9% YoY[^33]. FRED mirrors this as series RSXFS (ex-auto/gas). Python: import requests; r = requests.get(""https://api.census.gov/data/timeseries/eits/marts?get=cell_value,data_type_code&time=2025-04&key=KEY"")",US CRE Intelligence Terminal  Demand-Signal Data Source Directory.md; US Retail Pulse & Office Return-to-Work  Free Data Source Master Map (2024–2026).md,US CRE Intelligence Terminal  Demand-Signal Data Source Directory.md@line 39 || US Retail Pulse & Office Return-to-Work  Free Data Source Master Map (2024–2026).md@line 57,REVIEW,US CRE Intelligence Terminal  Demand-Signal Data Source Directory.md; US Retail Pulse & Office Return-to-Work  Free Data Source Master Map (2024–2026).md,2
FRED MARTS series,RAW_API,,macro_indicator,https://fred.stlouisfed.org/release?rid=9[^26,Free API key,Free[^26],,National,JSON/CSV (FRED API),,,BUILD_RAW_API,"Trend inflation overlay | CRE Relevance: Broad-based inflation measure combining 100+ variables; leads CPI turns by 1–2 months; critical for Fed path and thus CRE discount rate[^48][^49][^50] | Indicator: NY Fed Underlying Inflation Gauge (UIG) | Series ID / Slug: FRED: UIGFULL (full data set), UIGPRICE (prices-only) | Cadence & Release Time (ET): Monthly: ~mid-month | Lag from Period-End: ~2 weeks",US CRE Intelligence Terminal  Demand-Signal Data Source Directory.md; US Macro & Sentiment Indicator Layer — CRE Intelligence Terminal (1).md; US Macro & Sentiment Indicator Layer — CRE Intelligence Terminal.md,US CRE Intelligence Terminal  Demand-Signal Data Source Directory.md@line 40 || US Macro & Sentiment Indicator Layer — CRE Intelligence Terminal (1).md@line 76 || US Macro & Sentiment Indicator Layer — CRE Intelligence Terminal.md@line 76,REVIEW,US CRE Intelligence Terminal  Demand-Signal Data Source Directory.md; US Macro & Sentiment Indicator Layer — CRE Intelligence Terminal (1).md; US Macro & Sentiment Indicator Layer — CRE Intelligence Terminal.md,3
University of Michigan Consumer Sentiment (UMCSENT),RAW_API,,economic,https://www.sca.isr.umich.edu,Summary: None; archive: $600/yr license,Free headline; Paid full archive[^30],Monthly (preliminary ~mid-month; final ~end-month),National; age/income breakdowns[^32],"JSON via FRED; PDF from UMich[^39][^40] | Specific Fields: ICS (Index of Consumer Sentiment), ICC (Current Conditions), ICE (Expectations Index); 1-year inflation expectations; 5-year inflation expectations",,,BUILD_RAW_API,"Sentiment gauge, event marker | CRE Relevance: Consumer confidence directly drives housing, retail spending, and lodging demand; 5Y inflation expectations within report are a rate-risk signal for CRE valuations[^28][^29][^30] | Indicator: University of Michigan Consumer Sentiment | Series ID / Slug: UMCSENT | Cadence & Release Time (ET): Monthly: Preliminary 2nd Friday, Final last Friday, 10:00 AM | Lag from Period-End: ~2/4 weeks",US CRE Intelligence Terminal  Demand-Signal Data Source Directory.md; US Macro & Sentiment Indicator Layer — CRE Intelligence Terminal (1).md; US Macro & Sentiment Indicator Layer — CRE Intelligence Terminal.md; US Retail Pulse & Office Return-to-Work  Free Data Source Master Map (2024–2026).md,US CRE Intelligence Terminal  Demand-Signal Data Source Directory.md@line 42 || US Macro & Sentiment Indicator Layer — CRE Intelligence Terminal (1).md@line 63 || US Macro & Sentiment Indicator Layer — CRE Intelligence Terminal.md@line 63 || US Retail Pulse & Office Return-to-Work  Free Data Source Master Map (2024–2026).md@line 67,REVIEW,US CRE Intelligence Terminal  Demand-Signal Data Source Directory.md; US Macro & Sentiment Indicator Layer — CRE Intelligence Terminal (1).md; US Macro & Sentiment Indicator Layer — CRE Intelligence Terminal.md; US Retail Pulse & Office Return-to-Work  Free Data Source Master Map (2024–2026).md,4
Census Building Permits Survey (BPS) — Multifamily,RAW_API,Census Bureau,demographic,https://www.census.gov/construction/bps/,None,Free — public domain[^71],Monthly preliminary (~12th workday) + revised (~17th),National / region / state / MSA (CBSA)[^70],TXT (fixed-width) + Excel,No,,BUILD_RAW_API,#: 32 | Cadence: Monthly (preliminary D+12; revised D+17)[^71] | Live Tile / Sparkline: Multifamily permits sparkline by MSA,US CRE Intelligence Terminal  Demand-Signal Data Source Directory.md; compass_artifact_wf-5f02d687-92af-4e88-a59b-55245ba3ca7c_text_markdown.md,US CRE Intelligence Terminal  Demand-Signal Data Source Directory.md@line 68 || compass_artifact_wf-5f02d687-92af-4e88-a59b-55245ba3ca7c_text_markdown.md@line 347 CATEGORY 5,REVIEW,US CRE Intelligence Terminal  Demand-Signal Data Source Directory.md; compass_artifact_wf-5f02d687-92af-4e88-a59b-55245ba3ca7c_text_markdown.md,2
CDFI CIMS — NMTC Tract Eligibility + QOZ Eligibility,RAW_API,,demographic,https://www.cdfifund.gov/cims,No (web tool); CIMS API credentials for bulk,Free (public federal),Updated to 2016-2020 ACS data (as of Sep 2023)[^18],National → Census Tract,".DBF file (Excel-compatible), interactive map | Specific Fields: Tract GEOID, program eligibility flags (NMTC, CDFI, CMF, BEA), poverty rate, MFI, distress tier[^19]",,,BUILD_RAW_API,"Distress Overlay + Program Eligibility Screener | #: 9 | Cross-Verifiable With: HUD OZ GIS (#5); NMTC Allocatee Awards (#8) | Notes / Gotchas: Download DBF as Excel. Covers NMTC, CDFI Program, Capital Magnet Fund, Bond Guarantee. Address geocoding in CIMS4. Transition to 2016-2020 ACS complete[^20].","US Economic Development Incentives  Free & Freemium Data Source Map.md; US Zoning, Entitlement & Parcel Data  Free Freemium Source Map for CRE Intelligence Terminals.md","US Economic Development Incentives  Free & Freemium Data Source Map.md@line 36 || US Zoning, Entitlement & Parcel Data  Free Freemium Source Map for CRE Intelligence Terminals.md@line 32",REVIEW,"US Economic Development Incentives  Free & Freemium Data Source Map.md; US Zoning, Entitlement & Parcel Data  Free Freemium Source Map for CRE Intelligence Terminals.md",2
Atlanta Fed GDPNow — Page,RAW_API,Atlanta Fed,economic,https://www.atlantafed.org/research-and-data/data/gdpnow,No API key,,~8× per quarter,,Excel spreadsheet link,,,BUILD_RAW_API,"GDP nowcast speedometer | CRE Relevance: Real-time GDP tracker; GDP contraction triggers CRE distress cycle; Q1 2026 WEI/GDPNow divergence is a key watch[^7][^8] | Indicator: Atlanta Fed GDPNow | Series ID / Slug: GDPNOW | Cadence & Release Time (ET): Updated on each major data release day throughout quarter, typically 2–6×/week during active quarter | Lag from Period-End: Current quarter, continuously updated",US Macro & Sentiment Indicator Layer — CRE Intelligence Terminal (1).md; US Macro & Sentiment Indicator Layer — CRE Intelligence Terminal.md; CRE Intelligence Terminal — Production-Ready API Recipe Book.md,US Macro & Sentiment Indicator Layer — CRE Intelligence Terminal (1).md@line 28 || US Macro & Sentiment Indicator Layer — CRE Intelligence Terminal.md@line 28 || CRE Intelligence Terminal — Production-Ready API Recipe Book.md@Section 10 / Line 599,REVIEW,US Macro & Sentiment Indicator Layer — CRE Intelligence Terminal (1).md; US Macro & Sentiment Indicator Layer — CRE Intelligence Terminal.md; CRE Intelligence Terminal — Production-Ready API Recipe Book.md,3
Dallas Fed WEI — Page,RAW_API,Dallas Fed,demographic,https://www.dallasfed.org/research/wei,No API key,,Weekly,,CSV / FRED JSON,,,BUILD_RAW_API,"Composite activity sparkline | CRE Relevance: 10-indicator composite (consumer, labor, production) scaled to 4Q GDP; fastest macro regime gauge available[^10][^11] | Indicator: NY Fed Weekly Economic Index (WEI) | Series ID / Slug: WEI | Cadence & Release Time (ET): Weekly, Thursday ~10:30 AM CT | Lag from Period-End: ~5 days",US Macro & Sentiment Indicator Layer — CRE Intelligence Terminal (1).md; US Macro & Sentiment Indicator Layer — CRE Intelligence Terminal.md; CRE Intelligence Terminal — Production-Ready API Recipe Book.md,US Macro & Sentiment Indicator Layer — CRE Intelligence Terminal (1).md@line 38 || US Macro & Sentiment Indicator Layer — CRE Intelligence Terminal.md@line 38 || CRE Intelligence Terminal — Production-Ready API Recipe Book.md@Section 10 / Line 598,REVIEW,US Macro & Sentiment Indicator Layer — CRE Intelligence Terminal (1).md; US Macro & Sentiment Indicator Layer — CRE Intelligence Terminal.md; CRE Intelligence Terminal — Production-Ready API Recipe Book.md,3
Philadelphia Fed ADS — Page,RAW_API,Philadelphia Fed,demographic,https://www.philadelphiafed.org/surveys-and-data/real-time-data-research/ads,No API key,,Real-time (8× per month),,Excel download on page,,,BUILD_RAW_API,"Sub-weekly nowcast bar | CRE Relevance: Blends 6 series (claims, payrolls, IP, income, trade sales, GDP); highest-frequency business conditions gauge for CRE cycle positioning[^14][^15] | Indicator: Philly Fed ADS Business Conditions Index | Series ID / Slug: ADS_index | Cadence & Release Time (ET): Updated ~8× per month as underlying data releases | Lag from Period-End: Coincident, real-time",US Macro & Sentiment Indicator Layer — CRE Intelligence Terminal (1).md; US Macro & Sentiment Indicator Layer — CRE Intelligence Terminal.md; CRE Intelligence Terminal — Production-Ready API Recipe Book.md,US Macro & Sentiment Indicator Layer — CRE Intelligence Terminal (1).md@line 41 || US Macro & Sentiment Indicator Layer — CRE Intelligence Terminal.md@line 41 || CRE Intelligence Terminal — Production-Ready API Recipe Book.md@Section 10 / Line 595,REVIEW,US Macro & Sentiment Indicator Layer — CRE Intelligence Terminal (1).md; US Macro & Sentiment Indicator Layer — CRE Intelligence Terminal.md; CRE Intelligence Terminal — Production-Ready API Recipe Book.md,3
BLS API v2,UNKNOWN,,economic,Same endpoint as CES,BLS-KEY,,,,JSON,,,UNKNOWN,"JOLTS openings sparkline, quits rate | CRE Relevance: Quits rate is forward demand signal for multifamily (household formation); openings tighten or loosen office/industrial leasing[^9] | Indicator: BLS JOLTS: Job Openings, Quits, Hires | Series ID / Slug: JTU000000000JOL (openings), JTU000000000HIL (hires), JTU000000000QUL (quits), JTU000000000TSL (total separations) | Cadence & Release Time (ET): Monthly: 4th Tuesday (~4 weeks after reference month), 10:00 AM | Lag from Period-End: ~60 days",US Macro & Sentiment Indicator Layer — CRE Intelligence Terminal (1).md; US Macro & Sentiment Indicator Layer — CRE Intelligence Terminal.md,US Macro & Sentiment Indicator Layer — CRE Intelligence Terminal (1).md@line 51 || US Macro & Sentiment Indicator Layer — CRE Intelligence Terminal (1).md@line 52 || US Macro & Sentiment Indicator Layer — CRE Intelligence Terminal (1).md@line 53 || US Macro & Sentiment Indicator Layer — CRE Intelligence Terminal (1).md@line 54 || US Macro & Sentiment Indicator Layer — CRE Intelligence Terminal (1).md@line 55 || US Macro & Sentiment Indicator Layer — CRE Intelligence Terminal (1).md@line 56 || US Macro & Sentiment Indicator Layer — CRE Intelligence Terminal (1).md@line 57 || US Macro & Sentiment Indicator Layer — CRE Intelligence Terminal (1).md@line 58 || US Macro & Sentiment Indicator Layer — CRE Intelligence Terminal (1).md@line 59 || US Macro & Sentiment Indicator Layer — CRE Intelligence Terminal.md@line 51 || US Macro & Sentiment Indicator Layer — CRE Intelligence Terminal.md@line 52 || US Macro & Sentiment Indicator Layer — CRE Intelligence Terminal.md@line 53 || US Macro & Sentiment Indicator Layer — CRE Intelligence Terminal.md@line 54 || US Macro & Sentiment Indicator Layer — CRE Intelligence Terminal.md@line 55 || US Macro & Sentiment Indicator Layer — CRE Intelligence Terminal.md@line 56 || US Macro & Sentiment Indicator Layer — CRE Intelligence Terminal.md@line 57 || US Macro & Sentiment Indicator Layer — CRE Intelligence Terminal.md@line 58 || US Macro & Sentiment Indicator Layer — CRE Intelligence Terminal.md@line 59,REVIEW,US Macro & Sentiment Indicator Layer — CRE Intelligence Terminal (1).md; US Macro & Sentiment Indicator Layer — CRE Intelligence Terminal.md,18
Chicago Fed CFNAI — Current Data Page,RAW_API,Chicago Fed,demographic,https://www.chicagofed.org/research/data/cfnai/current-data,NONE / FRED-KEY,,Monthly (last business day of month),,Excel link on page,,,BUILD_RAW_API,"Broad activity composite tile | CRE Relevance: 85-variable composite; CFNAI-MA3 < –0.70 = recession in progress; broader than any single Fed survey[^31][^32] | Indicator: Chicago Fed CFNAI | Series ID / Slug: CFNAI, CFNAI-MA3 | Cadence & Release Time (ET): Monthly: last week of month, 8:30 AM | Lag from Period-End: ~30 days",US Macro & Sentiment Indicator Layer — CRE Intelligence Terminal (1).md; US Macro & Sentiment Indicator Layer — CRE Intelligence Terminal.md; CRE Intelligence Terminal — Production-Ready API Recipe Book.md,US Macro & Sentiment Indicator Layer — CRE Intelligence Terminal (1).md@line 64 || US Macro & Sentiment Indicator Layer — CRE Intelligence Terminal.md@line 64 || CRE Intelligence Terminal — Production-Ready API Recipe Book.md@Section 10 / Line 594,REVIEW,US Macro & Sentiment Indicator Layer — CRE Intelligence Terminal (1).md; US Macro & Sentiment Indicator Layer — CRE Intelligence Terminal.md; CRE Intelligence Terminal — Production-Ready API Recipe Book.md,3
Kansas City Fed Manufacturing Survey — Page,RAW_API,Kansas City Fed,demographic,https://www.kansascityfed.org/surveys/manufacturing-survey/,No API key,,Monthly,,Excel on release page,,,BUILD_RAW_API,"Plains manufacturing gauge | CRE Relevance: Agricultural and energy-related industrial CRE demand in Kansas, Nebraska, Oklahoma, Colorado[^40][^41] | Indicator: Kansas City Fed Manufacturing Survey | Series ID / Slug: Excel data tables | Cadence & Release Time (ET): Monthly: last Thursday of month | Lag from Period-End: ~30 days",US Macro & Sentiment Indicator Layer — CRE Intelligence Terminal (1).md; US Macro & Sentiment Indicator Layer — CRE Intelligence Terminal.md; CRE Intelligence Terminal — Production-Ready API Recipe Book.md,US Macro & Sentiment Indicator Layer — CRE Intelligence Terminal (1).md@line 72 || US Macro & Sentiment Indicator Layer — CRE Intelligence Terminal.md@line 72 || CRE Intelligence Terminal — Production-Ready API Recipe Book.md@Section 10 / Line 601,REVIEW,US Macro & Sentiment Indicator Layer — CRE Intelligence Terminal (1).md; US Macro & Sentiment Indicator Layer — CRE Intelligence Terminal.md; CRE Intelligence Terminal — Production-Ready API Recipe Book.md,3
NY Fed Survey of Consumer Expectations (SCE),RAW_API,,economic,https://www.newyorkfed.org/microeconomics/sce,NONE,FREE (interactive + CSV),Monthly,"National (1,300 household panel)",CSV download + interactive charts[^44][^45] | Specific Fields: 1/3/5-year inflation expectations; labor market expectations; earnings/spending growth expectations; job loss probability; home price expectations,,,BUILD_RAW_API,"Expectations dashboard | CRE Relevance: Housing section includes: home price expectations (1Y and 3Y ahead), moving intentions, rent vs. buy preferences — direct CRE demand signal[^51] | Indicator: NY Fed Consumer Expectations Survey (SCE) | Series ID / Slug: Per-topic CSVs (inflation expectations, credit access, housing market, labor market) | Cadence & Release Time (ET): Monthly: 2nd Monday, 11:00 AM | Lag from Period-End: ~30 days",US Macro & Sentiment Indicator Layer — CRE Intelligence Terminal (1).md; US Macro & Sentiment Indicator Layer — CRE Intelligence Terminal.md; US Retail Pulse & Office Return-to-Work  Free Data Source Master Map (2024–2026).md,US Macro & Sentiment Indicator Layer — CRE Intelligence Terminal (1).md@line 77 || US Macro & Sentiment Indicator Layer — CRE Intelligence Terminal.md@line 77 || US Retail Pulse & Office Return-to-Work  Free Data Source Master Map (2024–2026).md@line 69,REVIEW,US Macro & Sentiment Indicator Layer — CRE Intelligence Terminal (1).md; US Macro & Sentiment Indicator Layer — CRE Intelligence Terminal.md; US Retail Pulse & Office Return-to-Work  Free Data Source Master Map (2024–2026).md,3
FOMC Calendar — Programmatic parse from Fed HTML (Python),SCRAPE_TARGET,Federal Reserve Board,infrastructure,https://www.federalreserve.gov/monetarypolicy/fomccalendars.htm,No API key,,Annually + updates,,HTML / iCal,,None,BUILD_RAW_API,FOMC event marker on timeline | CRE Relevance: Every FOMC decision shifts cap rate compression/expansion expectations; hold vs. cut vs. hike changes CRE transaction volume immediately[^61][^62] | Indicator: FOMC Meeting Calendar & Dates | Series ID / Slug: N/A — structured HTML; scrape or use ical feed | Cadence & Release Time (ET): Static calendar; updated annually; minutes released 3 weeks after meeting | Lag from Period-End: N/A,US Macro & Sentiment Indicator Layer — CRE Intelligence Terminal (1).md; US Macro & Sentiment Indicator Layer — CRE Intelligence Terminal.md; CRE Intelligence Terminal — Production-Ready API Recipe Book.md,US Macro & Sentiment Indicator Layer — CRE Intelligence Terminal (1).md@line 84 || US Macro & Sentiment Indicator Layer — CRE Intelligence Terminal (1).md@line 86 || US Macro & Sentiment Indicator Layer — CRE Intelligence Terminal.md@line 84 || US Macro & Sentiment Indicator Layer — CRE Intelligence Terminal.md@line 86 || CRE Intelligence Terminal — Production-Ready API Recipe Book.md@Section 3 / Lines 286-292 || CRE Intelligence Terminal — Production-Ready API Recipe Book.md@Section 3 / Lines 350-357 || CRE Intelligence Terminal — Production-Ready API Recipe Book.md@Master Reference Table / Line 617,REVIEW,US Macro & Sentiment Indicator Layer — CRE Intelligence Terminal (1).md; US Macro & Sentiment Indicator Layer — CRE Intelligence Terminal.md; CRE Intelligence Terminal — Production-Ready API Recipe Book.md,7
Census Monthly Retail Trade Survey (MRTS),RAW_API,Census,demographic,"https://api.census.gov/data/timeseries/eits/mrts?get=cell_value,time_slot_name,category_code&for=us:*&time=from+2024-01&key=YOUR_KEY",Census API key,FREEMIUM-A (free API key),Monthly (revised; ~1 month lag),National + state-level (MSRS),JSON API[^31] | Specific Fields: Revised retail trade by category; Monthly State Retail Sales (MSRS) available separately,,Generous,BUILD_RAW_API,Structural Retail Benchmark | Cross-Verifiable With: MARTS; BEA PCE | Notes / Gotchas: More granular than MARTS; includes state-level (MSRS). Revised figures incorporate more survey responses.,US Retail Pulse & Office Return-to-Work  Free Data Source Master Map (2024–2026).md; CRE Intelligence Terminal — Production-Ready API Recipe Book.md,US Retail Pulse & Office Return-to-Work  Free Data Source Master Map (2024–2026).md@line 58 || CRE Intelligence Terminal — Production-Ready API Recipe Book.md@Section 7 / Line 534,REVIEW,US Retail Pulse & Office Return-to-Work  Free Data Source Master Map (2024–2026).md; CRE Intelligence Terminal — Production-Ready API Recipe Book.md,2
Census ACS — Median Household Income (B19013) by tract,RAW_API,U.S. Census Bureau,demographic,"https://api.census.gov/data/2023/acs/acs5?get=NAME,B25003_001E,B25003_002E,B25003_003E&for=metropolitan+statistical+area/micropolitan+statistical+area:*&key=YOUR_KEY",Free key at https://api.census.gov/data/key_signup.html,Free,Annual (5-yr release each December/January),"state+county FIPS, tract code",B01001_001E total; B01001_011E+B01001_012E males 25-34; B01001_035E+B01001_036E females 25-34 (sum = key renter cohort); JSON,Yes,"500 variables/call, no published daily cap (heavy users may be throttled)",BUILD_RAW_API,"""Commute Mode Mix"" tile (drove alone / public transit / WFH donut chart)",compass_artifact_wf-5f02d687-92af-4e88-a59b-55245ba3ca7c_text_markdown.md; CRE Intelligence Terminal — Production-Ready API Recipe Book.md,compass_artifact_wf-5f02d687-92af-4e88-a59b-55245ba3ca7c_text_markdown.md@line 49 CATEGORY 1 || compass_artifact_wf-5f02d687-92af-4e88-a59b-55245ba3ca7c_text_markdown.md@line 83 CATEGORY 1 || compass_artifact_wf-5f02d687-92af-4e88-a59b-55245ba3ca7c_text_markdown.md@CATEGORY 2 line 99 || compass_artifact_wf-5f02d687-92af-4e88-a59b-55245ba3ca7c_text_markdown.md@CATEGORY 2 line 100 || compass_artifact_wf-5f02d687-92af-4e88-a59b-55245ba3ca7c_text_markdown.md@CATEGORY 2 line 101 || compass_artifact_wf-5f02d687-92af-4e88-a59b-55245ba3ca7c_text_markdown.md@CATEGORY 2 line 102 || compass_artifact_wf-5f02d687-92af-4e88-a59b-55245ba3ca7c_text_markdown.md@CATEGORY 2 line 103 || compass_artifact_wf-5f02d687-92af-4e88-a59b-55245ba3ca7c_text_markdown.md@CATEGORY 2 line 104 || compass_artifact_wf-5f02d687-92af-4e88-a59b-55245ba3ca7c_text_markdown.md@CATEGORY 2 line 105 || CRE Intelligence Terminal — Production-Ready API Recipe Book.md@Section 7 / Line 535 || CRE Intelligence Terminal — Production-Ready API Recipe Book.md@Master Reference Table / Line 628,REVIEW,compass_artifact_wf-5f02d687-92af-4e88-a59b-55245ba3ca7c_text_markdown.md; CRE Intelligence Terminal — Production-Ready API Recipe Book.md,11
Census ACS — Housing Units (B25001/B25002),UNKNOWN,Census Bureau,demographic,,,Free,,tract/ZIP,,,,UNKNOWN,see Demographics #10,compass_artifact_wf-5f02d687-92af-4e88-a59b-55245ba3ca7c_text_markdown.md,compass_artifact_wf-5f02d687-92af-4e88-a59b-55245ba3ca7c_text_markdown.md@line 345 CATEGORY 5,REVIEW,compass_artifact_wf-5f02d687-92af-4e88-a59b-55245ba3ca7c_text_markdown.md,1
Nationwide free zoning APIs by address,UNKNOWN,,energy,,,,,,,,,UNKNOWN,"None exist as fully free + nationwide. Zoneomics, Regrid (Landgrid), and ATTOM are all paid. Zoneomics offers 100,000 free tile calls for map overlay (no attribute query). Regrid offers a 7-day CC-gated trial only. Best free strategy: maintain a city-by-city ArcGIS REST registry",compass_artifact_wf-5f02d687-92af-4e88-a59b-55245ba3ca7c_text_markdown.md,compass_artifact_wf-5f02d687-92af-4e88-a59b-55245ba3ca7c_text_markdown.md@line 460 CATEGORY 7,REVIEW,compass_artifact_wf-5f02d687-92af-4e88-a59b-55245ba3ca7c_text_markdown.md,1
CoStar Group,RAW_API,CoStar Group,housing_re,https://www.costargroup.com/press-room/legal,,,,,,,,BUILD_RAW_API,"Dominant force in CRE data; aggressive litigator (sued CREXi, Zillow). Not a vendor source for Terminal per the document (litigation risk); contextual reference",CRE Data Acquisition Cost Model.md,CRE Data Acquisition Cost Model.md@Section 3.1 lines 95-100,REVIEW,CRE Data Acquisition Cost Model.md,1
Zillow,UNKNOWN,Zillow,housing_re,,,,,,,,,UNKNOWN,"Listing portal mentioned in litigation context (CoStar copyright infringement suit, Compass antitrust suit); not a Terminal vendor",CRE Data Acquisition Cost Model.md,CRE Data Acquisition Cost Model.md@Section 3.1 line 100; Section 3.2 line 106,REVIEW,CRE Data Acquisition Cost Model.md,1
RealPage,UNKNOWN,RealPage,demographic,,,,,,revenue management software; algorithmic pricing recommendations for multifamily landlords,,,UNKNOWN,Revenue management software mentioned in DOJ antitrust context; cautionary example for Terminal regarding algorithmic price-fixing liability,CRE Data Acquisition Cost Model.md,CRE Data Acquisition Cost Model.md@Section 3.3 lines 113-114,REVIEW,CRE Data Acquisition Cost Model.md,1
CoreLogic,UNKNOWN,CoreLogic,zoning_parcel,,,,,,,,,UNKNOWN,Established vendor mentioned alongside Reonomy for proprietary ML entity resolution algorithms and standardized property schemas,CRE Data Acquisition Cost Model.md; Terminal_Intelligence_Brief.md,CRE Data Acquisition Cost Model.md@Section 5.4 line 225 || Terminal_Intelligence_Brief.md@line 69 (Ownership & Parcel Intelligence),REVIEW,CRE Data Acquisition Cost Model.md; Terminal_Intelligence_Brief.md,2
U.S. Census Bureau,UNKNOWN,U.S. Census Bureau,demographic,,,,,,"multifamily unit completions data (591,400 in 2024)",,,UNKNOWN,Demographics: U.S. Census Bureau (45 datasets including ACS 5-year estimates),CRE Data Acquisition Cost Model.md; Terminal_Intelligence_Brief.md,CRE Data Acquisition Cost Model.md@Section 1.1 line 9 || Terminal_Intelligence_Brief.md@line 21 (Demographics),REVIEW,CRE Data Acquisition Cost Model.md; Terminal_Intelligence_Brief.md,2
Special servicing rates,UNKNOWN,,capital_markets,,,,,,,,,UNKNOWN,CRE dashboard — quarterly special servicing aggregate,Terminal_Research_Prompts_May2026.md,Terminal_Research_Prompts_May2026.md@SEARCH 2 line 373,REVIEW,Terminal_Research_Prompts_May2026.md,1
Job growth rate by MSA,UNKNOWN,,other,,,,,,,,,UNKNOWN,Broker portal — job growth rate by MSA,Terminal_Research_Prompts_May2026.md,Terminal_Research_Prompts_May2026.md@SEARCH 3 line 479,REVIEW,Terminal_Research_Prompts_May2026.md,1
Fire station response time,UNKNOWN,,other,,,,,,,,,UNKNOWN,Broker portal — fire station response time,Terminal_Research_Prompts_May2026.md,Terminal_Research_Prompts_May2026.md@SEARCH 3 line 551,REVIEW,Terminal_Research_Prompts_May2026.md,1
Property tax rates by county,UNKNOWN,,other,,,,,,,,,UNKNOWN,Broker portal — county property tax rates,Terminal_Research_Prompts_May2026.md,Terminal_Research_Prompts_May2026.md@SEARCH 3 line 571,REVIEW,Terminal_Research_Prompts_May2026.md,1
Nationwide zoning lookup API,UNKNOWN,,zoning_parcel,,,,,,,,,UNKNOWN,Broker portal — nationwide zoning lookup by address/parcel,Terminal_Research_Prompts_May2026.md,Terminal_Research_Prompts_May2026.md@SEARCH 3 line 593,REVIEW,Terminal_Research_Prompts_May2026.md,1
Israeli mortgage rate data,UNKNOWN,,demographic,,,,,,,,,UNKNOWN,Broker portal — Israeli mortgage rate data,Terminal_Research_Prompts_May2026.md,Terminal_Research_Prompts_May2026.md@SEARCH 3 line 613,REVIEW,Terminal_Research_Prompts_May2026.md,1
